Order_ID,Order_Date,Ship_Date,Customer_ID,Product_ID,Segment,Region,State,Category,Sub_Category,Ship_Days,Sales,Quantity,Discount,Profit,Payment_Mode,Ship_Mode,Year,Month,Month_Number,Year_Month
ORD-00001,2025-05-03,2025-05-04,CUST-1125,P-10418,Consumer,East,Pennsylvania,Furniture,Chairs,1,98.6,3,0.3,-13.83,Cash on Delivery,Second Class,2025,May,5,2025-05
ORD-00002,2025-09-03,2025-09-06,CUST-1125,P-10031,Consumer,West,Washington,Technology,Computers,3,143.15,7,0.25,19.39,Credit Card,First Class,2025,Sep,9,2025-09
ORD-00003,2025-09-06,2025-09-10,CUST-1217,P-10442,Corporate,West,Arizona,Technology,Phones,4,72.62,6,0.25,7.57,Cash on Delivery,Second Class,2025,Sep,9,2025-09
ORD-00004,2025-09-13,2025-09-16,CUST-1039,P-10128,Corporate,West,Oregon,Technology,Machines,3,83.85,1,0.05,0.98,Cash on Delivery,Standard Class,2025,Sep,9,2025-09
ORD-00005,2024-04-02,2024-04-07,CUST-1209,P-10046,Home Office,West,Nevada,Technology,Accessories,5,48.33,6,0.05,9.78,Online,Same Day,2024,Apr,4,2024-04
ORD-00006,2024-09-02,2024-09-07,CUST-1179,P-10446,Home Office,West,California,Furniture,Chairs,5,96.04,3,0.2,-5.3,Online,Same Day,2024,Sep,9,2024-09
ORD-00007,2024-01-09,2024-01-13,CUST-1298,P-10187,Home Office,South,Florida,Technology,Computers,4,170.46,8,0.0,18.12,Cash on Delivery,Standard Class,2024,Jan,1,2024-01
ORD-00008,2024-06-16,2024-06-17,CUST-1035,P-10033,Corporate,West,Nevada,Technology,Accessories,1,43.98,3,0.05,3.08,Credit Card,Same Day,2024,Jun,6,2024-06
ORD-00009,2025-10-04,2025-10-08,CUST-1052,P-10113,Home Office,West,Oregon,Furniture,Bookcases,4,56.22,7,0.0,19.1,Credit Card,Same Day,2025,Oct,10,2025-10
ORD-00010,2025-05-27,2025-06-02,CUST-1042,P-10527,Home Office,East,Ohio,Technology,Computers,6,122.52,7,0.25,30.57,Cash on Delivery,Standard Class,2025,May,5,2025-05
ORD-00011,2024-09-05,2024-09-08,CUST-1166,P-10445,Corporate,East,New York,Technology,Computers,3,89.98,4,0.2,10.97,Online,Second Class,2024,Sep,9,2024-09
ORD-00012,2024-01-24,2024-01-26,CUST-1285,P-10137,Consumer,South,Georgia,Technology,Phones,2,42.59,2,0.1,9.31,Credit Card,Second Class,2024,Jan,1,2024-01
ORD-00013,2025-05-11,2025-05-15,CUST-1176,P-10171,Corporate,East,New Jersey,Technology,Phones,4,244.7,7,0.15,40.16,Credit Card,Standard Class,2025,May,5,2025-05
ORD-00014,2025-11-21,2025-11-25,CUST-1132,P-10281,Consumer,West,Oregon,Furniture,Furnishings,4,135.7,8,0.25,6.73,Cash on Delivery,First Class,2025,Nov,11,2025-11
ORD-00015,2024-02-25,2024-03-02,CUST-1152,P-10237,Consumer,South,Florida,Furniture,Furnishings,6,106.39,5,0.1,15.94,Credit Card,First Class,2024,Feb,2,2024-02
ORD-00016,2025-04-24,2025-04-27,CUST-1001,P-10061,Consumer,South,Tennessee,Technology,Accessories,3,180.19,1,0.05,10.81,Cash on Delivery,Standard Class,2025,Apr,4,2025-04
ORD-00017,2025-12-10,2025-12-13,CUST-1254,P-10194,Home Office,East,Massachusetts,Office Supplies,Paper,3,53.99,8,0.3,0.24,Online,First Class,2025,Dec,12,2025-12
ORD-00018,2024-03-11,2024-03-14,CUST-1137,P-10145,Home Office,Central,Texas,Office Supplies,Appliances,3,21.43,8,0.15,4.41,Cash on Delivery,Standard Class,2024,Mar,3,2024-03
ORD-00019,2025-05-24,2025-05-30,CUST-1229,P-10494,Consumer,Central,Wisconsin,Technology,Accessories,6,193.54,8,0.05,32.5,Online,Second Class,2025,May,5,2025-05
ORD-00020,2024-03-21,2024-03-24,CUST-1017,P-10108,Consumer,South,North Carolina,Furniture,Tables,3,70.69,4,0.15,0.6,Online,Second Class,2024,Mar,3,2024-03
ORD-00021,2025-02-26,2025-03-01,CUST-1142,P-10221,Home Office,South,Florida,Technology,Accessories,3,105.59,7,0.15,15.9,Cash on Delivery,Standard Class,2025,Feb,2,2025-02
ORD-00022,2025-10-19,2025-10-25,CUST-1155,P-10149,Corporate,East,New Jersey,Furniture,Bookcases,6,64.87,8,0.0,6.47,Cash on Delivery,First Class,2025,Oct,10,2025-10
ORD-00023,2025-08-02,2025-08-06,CUST-1014,P-10011,Home Office,South,Tennessee,Furniture,Bookcases,4,130.31,6,0.3,-5.59,Online,Second Class,2025,Aug,8,2025-08
ORD-00024,2024-03-01,2024-03-07,CUST-1285,P-10080,Home Office,Central,Minnesota,Technology,Computers,6,88.92,6,0.3,-3.93,Credit Card,Standard Class,2024,Mar,3,2024-03
ORD-00025,2024-06-12,2024-06-17,CUST-1202,P-10263,Corporate,East,New Jersey,Office Supplies,Appliances,5,88.55,2,0.3,-2.84,Credit Card,First Class,2024,Jun,6,2024-06
ORD-00026,2025-02-11,2025-02-15,CUST-1141,P-10164,Home Office,South,Tennessee,Furniture,Furnishings,4,69.37,1,0.35,-2.15,Cash on Delivery,Second Class,2025,Feb,2,2025-02
ORD-00027,2025-07-03,2025-07-06,CUST-1185,P-10363,Corporate,East,Pennsylvania,Furniture,Chairs,3,104.7,2,0.1,1.99,Online,Same Day,2025,Jul,7,2025-07
ORD-00028,2025-02-28,2025-03-04,CUST-1159,P-10549,Corporate,South,Virginia,Furniture,Furnishings,4,87.92,8,0.2,8.82,Online,Same Day,2025,Feb,2,2025-02
ORD-00029,2024-10-22,2024-10-26,CUST-1205,P-10271,Home Office,Central,Missouri,Furniture,Bookcases,4,92.52,1,0.25,-12.63,Cash on Delivery,Second Class,2024,Oct,10,2024-10
ORD-00030,2024-07-26,2024-07-27,CUST-1100,P-10493,Home Office,East,New Jersey,Technology,Machines,1,98.94,6,0.1,12.91,Online,Standard Class,2024,Jul,7,2024-07
ORD-00031,2024-06-17,2024-06-23,CUST-1104,P-10041,Corporate,South,Virginia,Technology,Accessories,6,43.25,1,0.3,-1.1,Cash on Delivery,Standard Class,2024,Jun,6,2024-06
ORD-00032,2025-02-21,2025-02-25,CUST-1042,P-10335,Corporate,Central,Minnesota,Technology,Accessories,4,73.64,1,0.05,24.44,Online,Standard Class,2025,Feb,2,2025-02
ORD-00033,2025-07-08,2025-07-12,CUST-1240,P-10369,Consumer,South,Tennessee,Technology,Accessories,4,27.93,2,0.2,1.44,Online,Same Day,2025,Jul,7,2025-07
ORD-00034,2025-10-31,2025-11-02,CUST-1005,P-10357,Corporate,Central,Missouri,Furniture,Bookcases,2,78.62,5,0.35,6.81,Credit Card,Standard Class,2025,Oct,10,2025-10
ORD-00035,2025-01-24,2025-01-26,CUST-1039,P-10417,Home Office,Central,Texas,Technology,Phones,2,63.19,1,0.3,13.39,Credit Card,Second Class,2025,Jan,1,2025-01
ORD-00036,2025-08-15,2025-08-20,CUST-1053,P-10024,Corporate,South,Virginia,Furniture,Chairs,5,75.36,2,0.0,6.77,Online,Second Class,2025,Aug,8,2025-08
ORD-00037,2024-01-17,2024-01-22,CUST-1271,P-10304,Corporate,East,New Jersey,Office Supplies,Storage,5,81.39,3,0.0,11.5,Cash on Delivery,Same Day,2024,Jan,1,2024-01
ORD-00038,2024-10-19,2024-10-21,CUST-1215,P-10000,Home Office,East,Pennsylvania,Office Supplies,Binders,2,259.07,2,0.05,10.85,Credit Card,Same Day,2024,Oct,10,2024-10
ORD-00039,2025-02-04,2025-02-08,CUST-1184,P-10547,Consumer,Central,Illinois,Furniture,Bookcases,4,73.79,3,0.3,3.18,Credit Card,First Class,2025,Feb,2,2025-02
ORD-00040,2024-11-08,2024-11-10,CUST-1245,P-10371,Corporate,West,Oregon,Furniture,Furnishings,2,78.32,2,0.2,4.0,Credit Card,Standard Class,2024,Nov,11,2024-11
ORD-00041,2025-08-29,2025-09-01,CUST-1299,P-10147,Corporate,East,Pennsylvania,Technology,Phones,3,213.82,3,0.1,17.95,Cash on Delivery,First Class,2025,Aug,8,2025-08
ORD-00042,2025-06-11,2025-06-16,CUST-1170,P-10206,Corporate,Central,Wisconsin,Technology,Computers,5,43.12,7,0.15,1.51,Credit Card,First Class,2025,Jun,6,2025-06
ORD-00043,2025-12-04,2025-12-09,CUST-1031,P-10012,Consumer,East,Massachusetts,Furniture,Bookcases,5,152.12,5,0.05,-0.31,Online,First Class,2025,Dec,12,2025-12
ORD-00044,2024-11-20,2024-11-22,CUST-1165,P-10051,Home Office,East,New Jersey,Office Supplies,Paper,2,90.66,5,0.15,-3.33,Credit Card,Second Class,2024,Nov,11,2024-11
ORD-00045,2025-08-27,2025-08-30,CUST-1252,P-10113,Consumer,Central,Illinois,Furniture,Bookcases,3,143.36,7,0.2,11.41,Online,First Class,2025,Aug,8,2025-08
ORD-00046,2024-08-19,2024-08-24,CUST-1068,P-10496,Corporate,South,Georgia,Furniture,Bookcases,5,74.44,2,0.0,15.58,Cash on Delivery,First Class,2024,Aug,8,2024-08
ORD-00047,2024-03-06,2024-03-09,CUST-1014,P-10217,Corporate,South,Tennessee,Office Supplies,Binders,3,229.51,2,0.15,27.94,Cash on Delivery,Standard Class,2024,Mar,3,2024-03
ORD-00048,2025-05-09,2025-05-14,CUST-1246,P-10220,Corporate,Central,Missouri,Furniture,Chairs,5,389.98,8,0.25,41.97,Online,First Class,2025,May,5,2025-05
ORD-00049,2024-05-13,2024-05-17,CUST-1274,P-10061,Home Office,South,Georgia,Technology,Machines,4,271.27,3,0.35,23.71,Credit Card,Second Class,2024,May,5,2024-05
ORD-00050,2025-02-24,2025-02-28,CUST-1122,P-10540,Corporate,West,California,Technology,Computers,4,109.57,6,0.3,1.37,Credit Card,First Class,2025,Feb,2,2025-02
ORD-00051,2025-06-29,2025-07-03,CUST-1204,P-10423,Consumer,West,Washington,Technology,Machines,4,91.41,8,0.1,7.42,Credit Card,First Class,2025,Jun,6,2025-06
ORD-00052,2025-11-12,2025-11-15,CUST-1203,P-10477,Home Office,East,Massachusetts,Furniture,Bookcases,3,44.13,5,0.05,4.41,Credit Card,Second Class,2025,Nov,11,2025-11
ORD-00053,2024-06-07,2024-06-10,CUST-1037,P-10389,Consumer,South,Florida,Office Supplies,Appliances,3,20.7,3,0.15,4.61,Online,Same Day,2024,Jun,6,2024-06
ORD-00054,2025-06-14,2025-06-17,CUST-1294,P-10012,Consumer,South,Virginia,Office Supplies,Paper,3,82.38,3,0.25,-7.12,Online,Same Day,2025,Jun,6,2025-06
ORD-00055,2024-01-12,2024-01-17,CUST-1221,P-10263,Corporate,East,Ohio,Technology,Accessories,5,37.18,2,0.3,0.98,Online,First Class,2024,Jan,1,2024-01
ORD-00056,2024-04-04,2024-04-09,CUST-1106,P-10472,Corporate,South,Virginia,Furniture,Furnishings,5,64.22,7,0.25,3.84,Online,Same Day,2024,Apr,4,2024-04
ORD-00057,2025-02-17,2025-02-20,CUST-1003,P-10404,Consumer,Central,Minnesota,Furniture,Furnishings,3,64.13,2,0.35,3.51,Cash on Delivery,Same Day,2025,Feb,2,2025-02
ORD-00058,2024-12-10,2024-12-11,CUST-1248,P-10231,Corporate,South,Virginia,Office Supplies,Storage,1,91.79,3,0.3,-1.39,Credit Card,Second Class,2024,Dec,12,2024-12
ORD-00059,2024-12-30,2025-01-05,CUST-1146,P-10452,Consumer,Central,Wisconsin,Technology,Machines,6,56.6,3,0.15,4.38,Online,Standard Class,2024,Dec,12,2024-12
ORD-00060,2025-04-17,2025-04-21,CUST-1004,P-10539,Home Office,South,Virginia,Furniture,Chairs,4,96.26,3,0.0,11.55,Online,Standard Class,2025,Apr,4,2025-04
ORD-00061,2025-03-31,2025-04-04,CUST-1084,P-10457,Home Office,South,North Carolina,Technology,Phones,4,19.11,7,0.05,2.31,Cash on Delivery,First Class,2025,Mar,3,2025-03
ORD-00062,2025-12-17,2025-12-19,CUST-1240,P-10405,Consumer,South,Georgia,Office Supplies,Storage,2,32.7,5,0.0,9.59,Cash on Delivery,Second Class,2025,Dec,12,2025-12
ORD-00063,2024-03-14,2024-03-16,CUST-1010,P-10036,Corporate,West,Arizona,Technology,Accessories,2,101.59,1,0.05,16.2,Cash on Delivery,Second Class,2024,Mar,3,2024-03
ORD-00064,2024-07-29,2024-07-31,CUST-1151,P-10413,Consumer,South,Georgia,Office Supplies,Binders,2,26.38,1,0.0,0.29,Credit Card,Second Class,2024,Jul,7,2024-07
ORD-00065,2025-10-19,2025-10-21,CUST-1004,P-10164,Corporate,West,Washington,Technology,Computers,2,130.35,6,0.15,19.85,Online,First Class,2025,Oct,10,2025-10
ORD-00066,2025-07-26,2025-07-30,CUST-1039,P-10039,Corporate,South,Georgia,Office Supplies,Binders,4,44.32,5,0.2,1.12,Credit Card,Second Class,2025,Jul,7,2025-07
ORD-00067,2024-05-05,2024-05-08,CUST-1239,P-10534,Home Office,Central,Missouri,Furniture,Tables,3,158.88,7,0.2,5.77,Online,Second Class,2024,May,5,2024-05
ORD-00068,2024-09-10,2024-09-15,CUST-1068,P-10008,Corporate,South,North Carolina,Technology,Computers,5,36.09,1,0.3,-0.32,Cash on Delivery,Same Day,2024,Sep,9,2024-09
ORD-00069,2024-06-27,2024-06-28,CUST-1296,P-10021,Home Office,Central,Wisconsin,Office Supplies,Binders,1,59.57,8,0.1,4.93,Credit Card,Same Day,2024,Jun,6,2024-06
ORD-00070,2025-08-23,2025-08-28,CUST-1291,P-10292,Corporate,Central,Texas,Technology,Computers,5,78.4,8,0.25,-0.79,Credit Card,Second Class,2025,Aug,8,2025-08
ORD-00071,2025-04-22,2025-04-25,CUST-1241,P-10115,Consumer,South,Florida,Furniture,Furnishings,3,98.87,5,0.1,15.11,Credit Card,Same Day,2025,Apr,4,2025-04
ORD-00072,2025-06-07,2025-06-11,CUST-1188,P-10527,Corporate,South,Georgia,Furniture,Tables,4,135.39,7,0.35,-8.49,Cash on Delivery,Same Day,2025,Jun,6,2025-06
ORD-00073,2025-07-06,2025-07-10,CUST-1135,P-10087,Home Office,East,Massachusetts,Office Supplies,Appliances,4,98.81,4,0.1,2.67,Cash on Delivery,Second Class,2025,Jul,7,2025-07
ORD-00074,2025-09-13,2025-09-18,CUST-1185,P-10176,Corporate,South,Tennessee,Technology,Computers,5,244.46,8,0.35,7.73,Credit Card,Same Day,2025,Sep,9,2025-09
ORD-00075,2024-03-28,2024-03-30,CUST-1196,P-10330,Corporate,South,Florida,Technology,Computers,2,87.93,2,0.1,5.24,Online,First Class,2024,Mar,3,2024-03
ORD-00076,2024-05-25,2024-05-30,CUST-1066,P-10131,Home Office,South,Florida,Office Supplies,Paper,5,371.66,7,0.1,59.97,Cash on Delivery,First Class,2024,May,5,2024-05
ORD-00077,2025-01-02,2025-01-08,CUST-1257,P-10212,Corporate,South,North Carolina,Office Supplies,Appliances,6,75.03,5,0.15,2.5,Online,First Class,2025,Jan,1,2025-01
ORD-00078,2025-07-31,2025-08-04,CUST-1271,P-10086,Consumer,West,Arizona,Technology,Machines,4,186.58,1,0.1,15.91,Online,First Class,2025,Jul,7,2025-07
ORD-00079,2024-12-19,2024-12-23,CUST-1073,P-10478,Corporate,West,Oregon,Furniture,Chairs,4,50.37,4,0.35,-1.94,Credit Card,Second Class,2024,Dec,12,2024-12
ORD-00080,2025-10-05,2025-10-08,CUST-1109,P-10267,Home Office,East,New Jersey,Furniture,Bookcases,3,241.38,8,0.1,7.08,Online,Standard Class,2025,Oct,10,2025-10
ORD-00081,2024-04-29,2024-05-03,CUST-1255,P-10245,Consumer,South,Virginia,Furniture,Furnishings,4,52.27,6,0.0,9.24,Credit Card,Second Class,2024,Apr,4,2024-04
ORD-00082,2025-12-26,2025-12-29,CUST-1119,P-10373,Home Office,West,Nevada,Furniture,Bookcases,3,39.19,6,0.05,9.09,Credit Card,First Class,2025,Dec,12,2025-12
ORD-00083,2024-05-28,2024-06-01,CUST-1046,P-10442,Corporate,West,Arizona,Technology,Computers,4,64.49,8,0.0,14.68,Online,First Class,2024,May,5,2024-05
ORD-00084,2025-10-18,2025-10-22,CUST-1292,P-10101,Home Office,Central,Missouri,Furniture,Furnishings,4,151.77,2,0.05,10.04,Online,First Class,2025,Oct,10,2025-10
ORD-00085,2025-07-07,2025-07-10,CUST-1224,P-10277,Consumer,West,Arizona,Office Supplies,Appliances,3,33.0,7,0.3,1.47,Credit Card,Second Class,2025,Jul,7,2025-07
ORD-00086,2025-07-26,2025-07-31,CUST-1116,P-10101,Consumer,East,Ohio,Technology,Computers,5,47.58,5,0.2,4.8,Cash on Delivery,First Class,2025,Jul,7,2025-07
ORD-00087,2025-08-14,2025-08-16,CUST-1293,P-10050,Consumer,East,New York,Furniture,Chairs,2,184.71,1,0.3,-8.51,Cash on Delivery,First Class,2025,Aug,8,2025-08
ORD-00088,2025-11-01,2025-11-05,CUST-1162,P-10494,Consumer,South,North Carolina,Office Supplies,Binders,4,202.24,1,0.15,25.92,Online,Second Class,2025,Nov,11,2025-11
ORD-00089,2024-06-29,2024-07-01,CUST-1221,P-10525,Corporate,West,Arizona,Furniture,Furnishings,2,28.42,3,0.15,4.53,Online,Second Class,2024,Jun,6,2024-06
ORD-00090,2025-06-06,2025-06-10,CUST-1026,P-10055,Home Office,West,Washington,Technology,Phones,4,131.23,6,0.35,4.05,Credit Card,Second Class,2025,Jun,6,2025-06
ORD-00091,2025-01-24,2025-01-30,CUST-1167,P-10182,Consumer,West,California,Technology,Accessories,6,98.04,7,0.2,27.96,Online,Same Day,2025,Jan,1,2025-01
ORD-00092,2024-11-23,2024-11-26,CUST-1039,P-10079,Corporate,West,Oregon,Technology,Phones,3,64.13,6,0.25,6.82,Cash on Delivery,Standard Class,2024,Nov,11,2024-11
ORD-00093,2025-06-03,2025-06-06,CUST-1207,P-10228,Corporate,East,Massachusetts,Technology,Accessories,3,303.91,7,0.3,14.59,Cash on Delivery,Second Class,2025,Jun,6,2025-06
ORD-00094,2025-09-14,2025-09-17,CUST-1070,P-10457,Corporate,East,Ohio,Furniture,Furnishings,3,70.67,3,0.1,7.18,Credit Card,First Class,2025,Sep,9,2025-09
ORD-00095,2024-05-31,2024-06-05,CUST-1231,P-10015,Home Office,South,Georgia,Furniture,Chairs,5,56.06,3,0.15,3.24,Online,Standard Class,2024,May,5,2024-05
ORD-00096,2024-02-13,2024-02-15,CUST-1091,P-10024,Home Office,East,Massachusetts,Technology,Accessories,2,82.14,7,0.05,18.43,Credit Card,First Class,2024,Feb,2,2024-02
ORD-00097,2024-12-07,2024-12-10,CUST-1112,P-10242,Corporate,Central,Missouri,Office Supplies,Storage,3,122.86,3,0.2,2.92,Online,First Class,2024,Dec,12,2024-12
ORD-00098,2024-09-12,2024-09-14,CUST-1199,P-10220,Consumer,Central,Wisconsin,Technology,Phones,2,85.87,3,0.05,20.97,Online,Standard Class,2024,Sep,9,2024-09
ORD-00099,2025-04-19,2025-04-25,CUST-1026,P-10473,Home Office,East,Ohio,Technology,Computers,6,236.57,3,0.2,47.4,Online,First Class,2025,Apr,4,2025-04
ORD-00100,2025-03-08,2025-03-14,CUST-1164,P-10102,Corporate,East,New York,Technology,Computers,6,49.56,5,0.3,-2.0,Credit Card,Standard Class,2025,Mar,3,2025-03
ORD-00101,2024-04-17,2024-04-22,CUST-1245,P-10187,Consumer,East,Pennsylvania,Office Supplies,Appliances,5,178.29,5,0.25,-13.19,Credit Card,First Class,2024,Apr,4,2024-04
ORD-00102,2025-03-11,2025-03-16,CUST-1108,P-10163,Consumer,South,Tennessee,Technology,Accessories,5,99.47,8,0.25,12.85,Online,Second Class,2025,Mar,3,2025-03
ORD-00103,2025-01-06,2025-01-11,CUST-1219,P-10454,Consumer,West,Arizona,Furniture,Furnishings,5,79.82,5,0.15,10.6,Cash on Delivery,Same Day,2025,Jan,1,2025-01
ORD-00104,2024-11-13,2024-11-18,CUST-1034,P-10100,Consumer,East,New Jersey,Office Supplies,Binders,5,62.15,6,0.35,2.84,Credit Card,First Class,2024,Nov,11,2024-11
ORD-00105,2024-12-16,2024-12-21,CUST-1195,P-10110,Consumer,South,Georgia,Office Supplies,Appliances,5,152.11,5,0.35,32.8,Cash on Delivery,Second Class,2024,Dec,12,2024-12
ORD-00106,2024-12-30,2025-01-05,CUST-1100,P-10296,Corporate,West,Washington,Technology,Computers,6,97.92,2,0.0,-1.69,Online,First Class,2024,Dec,12,2024-12
ORD-00107,2024-07-06,2024-07-09,CUST-1127,P-10010,Corporate,Central,Minnesota,Technology,Machines,3,111.19,7,0.2,2.04,Cash on Delivery,Same Day,2024,Jul,7,2024-07
ORD-00108,2024-10-01,2024-10-03,CUST-1038,P-10254,Consumer,Central,Texas,Furniture,Tables,2,233.37,2,0.25,6.02,Credit Card,Same Day,2024,Oct,10,2024-10
ORD-00109,2025-08-30,2025-09-03,CUST-1102,P-10488,Home Office,South,Georgia,Technology,Accessories,4,56.01,6,0.25,0.56,Credit Card,Standard Class,2025,Aug,8,2025-08
ORD-00110,2025-08-03,2025-08-08,CUST-1238,P-10254,Corporate,West,California,Furniture,Furnishings,5,150.34,3,0.05,12.16,Online,Same Day,2025,Aug,8,2025-08
ORD-00111,2024-07-20,2024-07-23,CUST-1165,P-10153,Home Office,Central,Minnesota,Office Supplies,Appliances,3,103.94,3,0.3,3.42,Credit Card,Second Class,2024,Jul,7,2024-07
ORD-00112,2025-09-11,2025-09-14,CUST-1080,P-10509,Home Office,East,New York,Furniture,Bookcases,3,97.95,7,0.2,11.12,Online,First Class,2025,Sep,9,2025-09
ORD-00113,2025-07-18,2025-07-22,CUST-1037,P-10433,Corporate,South,Georgia,Furniture,Furnishings,4,132.92,7,0.05,7.69,Credit Card,Second Class,2025,Jul,7,2025-07
ORD-00114,2024-12-10,2024-12-16,CUST-1258,P-10279,Consumer,East,Pennsylvania,Technology,Machines,6,201.26,2,0.15,-19.2,Cash on Delivery,Same Day,2024,Dec,12,2024-12
ORD-00115,2024-10-03,2024-10-08,CUST-1058,P-10395,Corporate,East,New Jersey,Office Supplies,Storage,5,26.86,2,0.2,1.51,Cash on Delivery,First Class,2024,Oct,10,2024-10
ORD-00116,2024-08-22,2024-08-28,CUST-1058,P-10308,Corporate,East,Ohio,Furniture,Furnishings,6,129.81,7,0.15,15.54,Cash on Delivery,Standard Class,2024,Aug,8,2024-08
ORD-00117,2024-08-23,2024-08-28,CUST-1170,P-10388,Home Office,South,North Carolina,Furniture,Furnishings,5,83.6,3,0.05,17.8,Cash on Delivery,Standard Class,2024,Aug,8,2024-08
ORD-00118,2025-07-07,2025-07-10,CUST-1106,P-10459,Home Office,West,Oregon,Furniture,Chairs,3,39.68,5,0.3,1.29,Online,Second Class,2025,Jul,7,2025-07
ORD-00119,2024-06-01,2024-06-02,CUST-1156,P-10355,Corporate,South,Florida,Technology,Phones,1,64.94,5,0.25,6.18,Credit Card,Second Class,2024,Jun,6,2024-06
ORD-00120,2025-06-19,2025-06-25,CUST-1163,P-10346,Consumer,East,New York,Office Supplies,Storage,6,117.79,6,0.2,24.83,Cash on Delivery,Second Class,2025,Jun,6,2025-06
ORD-00121,2025-09-29,2025-10-03,CUST-1048,P-10145,Home Office,West,Arizona,Office Supplies,Paper,4,40.73,8,0.0,5.28,Online,Second Class,2025,Sep,9,2025-09
ORD-00122,2025-04-23,2025-04-25,CUST-1138,P-10052,Corporate,East,Massachusetts,Office Supplies,Appliances,2,47.74,6,0.2,3.72,Cash on Delivery,Same Day,2025,Apr,4,2025-04
ORD-00123,2024-10-14,2024-10-18,CUST-1185,P-10513,Corporate,East,New York,Office Supplies,Storage,4,173.59,3,0.0,44.38,Credit Card,Second Class,2024,Oct,10,2024-10
ORD-00124,2025-04-10,2025-04-12,CUST-1279,P-10500,Corporate,East,New York,Office Supplies,Appliances,2,122.13,4,0.0,19.47,Credit Card,Standard Class,2025,Apr,4,2025-04
ORD-00125,2024-04-23,2024-04-28,CUST-1049,P-10437,Consumer,Central,Texas,Furniture,Bookcases,5,213.8,8,0.05,31.26,Online,Second Class,2024,Apr,4,2024-04
ORD-00126,2024-01-12,2024-01-17,CUST-1285,P-10389,Corporate,Central,Missouri,Furniture,Furnishings,5,34.74,2,0.05,3.12,Online,Same Day,2024,Jan,1,2024-01
ORD-00127,2025-10-04,2025-10-09,CUST-1011,P-10432,Consumer,South,Georgia,Furniture,Furnishings,5,431.14,2,0.3,32.83,Online,Second Class,2025,Oct,10,2025-10
ORD-00128,2024-03-04,2024-03-09,CUST-1076,P-10039,Home Office,South,Virginia,Technology,Accessories,5,75.36,6,0.0,23.38,Cash on Delivery,First Class,2024,Mar,3,2024-03
ORD-00129,2025-09-26,2025-09-30,CUST-1183,P-10068,Corporate,South,Georgia,Technology,Accessories,4,90.77,5,0.3,10.08,Online,Second Class,2025,Sep,9,2025-09
ORD-00130,2025-01-04,2025-01-07,CUST-1268,P-10504,Home Office,Central,Wisconsin,Technology,Phones,3,235.65,5,0.3,16.53,Cash on Delivery,Standard Class,2025,Jan,1,2025-01
ORD-00131,2024-11-30,2024-12-04,CUST-1211,P-10496,Consumer,South,Georgia,Furniture,Chairs,4,216.01,3,0.25,2.51,Credit Card,First Class,2024,Nov,11,2024-11
ORD-00132,2024-01-30,2024-02-02,CUST-1229,P-10203,Corporate,West,Washington,Technology,Accessories,3,120.49,4,0.3,11.07,Online,Standard Class,2024,Jan,1,2024-01
ORD-00133,2025-03-02,2025-03-05,CUST-1262,P-10394,Corporate,Central,Illinois,Technology,Phones,3,22.12,7,0.3,4.09,Credit Card,Standard Class,2025,Mar,3,2025-03
ORD-00134,2024-08-06,2024-08-12,CUST-1070,P-10094,Corporate,South,Georgia,Technology,Computers,6,56.73,5,0.35,4.11,Credit Card,Second Class,2024,Aug,8,2024-08
ORD-00135,2025-12-08,2025-12-14,CUST-1155,P-10103,Consumer,Central,Missouri,Technology,Machines,6,45.58,1,0.35,0.24,Credit Card,First Class,2025,Dec,12,2025-12
ORD-00136,2025-11-21,2025-11-25,CUST-1003,P-10261,Consumer,Central,Illinois,Technology,Phones,4,47.08,1,0.0,8.73,Cash on Delivery,Standard Class,2025,Nov,11,2025-11
ORD-00137,2024-06-20,2024-06-24,CUST-1260,P-10322,Corporate,West,Washington,Furniture,Chairs,4,44.28,4,0.05,3.13,Credit Card,Second Class,2024,Jun,6,2024-06
ORD-00138,2025-02-11,2025-02-13,CUST-1028,P-10546,Consumer,South,Florida,Office Supplies,Appliances,2,50.75,5,0.05,1.0,Credit Card,Second Class,2025,Feb,2,2025-02
ORD-00139,2024-02-03,2024-02-05,CUST-1262,P-10056,Corporate,West,Washington,Technology,Computers,2,37.54,5,0.15,5.34,Credit Card,Standard Class,2024,Feb,2,2024-02
ORD-00140,2024-12-03,2024-12-04,CUST-1153,P-10333,Home Office,West,California,Office Supplies,Paper,1,74.2,3,0.0,11.52,Credit Card,Standard Class,2024,Dec,12,2024-12
ORD-00141,2024-11-21,2024-11-25,CUST-1265,P-10301,Consumer,West,Oregon,Office Supplies,Appliances,4,216.93,3,0.15,17.73,Credit Card,Same Day,2024,Nov,11,2024-11
ORD-00142,2025-06-20,2025-06-21,CUST-1198,P-10072,Consumer,Central,Texas,Office Supplies,Appliances,1,266.05,2,0.35,-21.16,Credit Card,First Class,2025,Jun,6,2025-06
ORD-00143,2024-04-19,2024-04-21,CUST-1209,P-10472,Corporate,West,Nevada,Furniture,Tables,2,107.61,5,0.1,-15.91,Cash on Delivery,First Class,2024,Apr,4,2024-04
ORD-00144,2025-03-22,2025-03-24,CUST-1173,P-10142,Consumer,South,Florida,Technology,Machines,2,25.91,1,0.35,5.57,Online,First Class,2025,Mar,3,2025-03
ORD-00145,2025-12-08,2025-12-12,CUST-1023,P-10021,Corporate,West,Nevada,Furniture,Tables,4,63.57,2,0.1,9.78,Online,Standard Class,2025,Dec,12,2025-12
ORD-00146,2024-05-04,2024-05-07,CUST-1124,P-10315,Home Office,Central,Texas,Office Supplies,Paper,3,25.46,4,0.3,-0.19,Online,First Class,2024,May,5,2024-05
ORD-00147,2024-09-11,2024-09-14,CUST-1131,P-10367,Consumer,South,Florida,Technology,Phones,3,174.84,6,0.15,15.7,Online,Second Class,2024,Sep,9,2024-09
ORD-00148,2024-01-02,2024-01-05,CUST-1189,P-10103,Home Office,East,Pennsylvania,Office Supplies,Binders,3,75.15,8,0.1,15.82,Cash on Delivery,Second Class,2024,Jan,1,2024-01
ORD-00149,2024-03-15,2024-03-18,CUST-1185,P-10284,Corporate,Central,Illinois,Office Supplies,Storage,3,72.73,3,0.35,-5.24,Cash on Delivery,Standard Class,2024,Mar,3,2024-03
ORD-00150,2025-12-23,2025-12-27,CUST-1059,P-10373,Corporate,South,North Carolina,Office Supplies,Binders,4,91.95,2,0.0,9.38,Online,Same Day,2025,Dec,12,2025-12
ORD-00151,2024-03-28,2024-03-31,CUST-1144,P-10174,Corporate,East,Massachusetts,Furniture,Furnishings,3,220.63,4,0.15,14.69,Online,Second Class,2024,Mar,3,2024-03
ORD-00152,2025-06-09,2025-06-12,CUST-1188,P-10445,Home Office,West,Oregon,Office Supplies,Storage,3,73.9,1,0.05,15.56,Credit Card,First Class,2025,Jun,6,2025-06
ORD-00153,2024-09-14,2024-09-18,CUST-1203,P-10239,Home Office,South,Florida,Technology,Accessories,4,125.61,4,0.3,3.2,Online,Same Day,2024,Sep,9,2024-09
ORD-00154,2025-01-23,2025-01-26,CUST-1088,P-10014,Corporate,South,Tennessee,Technology,Computers,3,79.37,3,0.05,10.11,Credit Card,Second Class,2025,Jan,1,2025-01
ORD-00155,2024-06-23,2024-06-25,CUST-1174,P-10389,Corporate,West,Washington,Technology,Machines,2,77.18,4,0.35,-1.36,Credit Card,First Class,2024,Jun,6,2024-06
ORD-00156,2025-03-20,2025-03-22,CUST-1261,P-10210,Home Office,South,Florida,Technology,Computers,2,140.85,1,0.0,11.87,Online,Second Class,2025,Mar,3,2025-03
ORD-00157,2024-06-27,2024-07-03,CUST-1276,P-10216,Consumer,West,Oregon,Office Supplies,Appliances,6,39.34,4,0.35,0.64,Online,Standard Class,2024,Jun,6,2024-06
ORD-00158,2024-09-22,2024-09-26,CUST-1062,P-10461,Corporate,West,Nevada,Furniture,Tables,4,68.49,8,0.3,-5.18,Cash on Delivery,First Class,2024,Sep,9,2024-09
ORD-00159,2024-04-14,2024-04-15,CUST-1298,P-10486,Consumer,South,North Carolina,Office Supplies,Paper,1,85.85,4,0.3,-0.27,Credit Card,Same Day,2024,Apr,4,2024-04
ORD-00160,2025-11-26,2025-11-27,CUST-1165,P-10246,Home Office,Central,Illinois,Furniture,Furnishings,1,29.56,3,0.35,1.64,Cash on Delivery,First Class,2025,Nov,11,2025-11
ORD-00161,2025-10-11,2025-10-14,CUST-1209,P-10269,Home Office,East,New York,Office Supplies,Appliances,3,40.9,1,0.2,4.8,Credit Card,Same Day,2025,Oct,10,2025-10
ORD-00162,2025-02-23,2025-02-27,CUST-1231,P-10079,Home Office,East,New Jersey,Technology,Machines,4,124.2,5,0.15,21.01,Cash on Delivery,Same Day,2025,Feb,2,2025-02
ORD-00163,2025-10-25,2025-10-28,CUST-1021,P-10004,Home Office,West,Arizona,Office Supplies,Paper,3,212.31,8,0.15,33.28,Cash on Delivery,First Class,2025,Oct,10,2025-10
ORD-00164,2025-06-30,2025-07-03,CUST-1049,P-10447,Consumer,South,Virginia,Office Supplies,Paper,3,56.1,7,0.0,17.52,Online,Standard Class,2025,Jun,6,2025-06
ORD-00165,2024-01-12,2024-01-14,CUST-1070,P-10162,Consumer,East,Ohio,Technology,Phones,2,35.44,1,0.2,0.08,Credit Card,Second Class,2024,Jan,1,2024-01
ORD-00166,2024-07-22,2024-07-25,CUST-1056,P-10046,Home Office,East,Ohio,Furniture,Tables,3,68.08,2,0.25,4.29,Online,Standard Class,2024,Jul,7,2024-07
ORD-00167,2024-01-21,2024-01-27,CUST-1235,P-10464,Home Office,Central,Wisconsin,Furniture,Furnishings,6,213.45,7,0.2,12.99,Online,Standard Class,2024,Jan,1,2024-01
ORD-00168,2024-07-16,2024-07-19,CUST-1124,P-10160,Consumer,Central,Missouri,Furniture,Furnishings,3,80.19,3,0.15,-6.76,Credit Card,Second Class,2024,Jul,7,2024-07
ORD-00169,2024-05-10,2024-05-13,CUST-1059,P-10176,Home Office,Central,Illinois,Office Supplies,Appliances,3,48.07,1,0.05,9.27,Online,Standard Class,2024,May,5,2024-05
ORD-00170,2025-12-11,2025-12-14,CUST-1013,P-10242,Corporate,West,Nevada,Technology,Computers,3,39.14,8,0.1,4.51,Credit Card,Same Day,2025,Dec,12,2025-12
ORD-00171,2024-12-23,2024-12-29,CUST-1246,P-10218,Home Office,East,New York,Furniture,Bookcases,6,40.69,6,0.2,-2.86,Online,Same Day,2024,Dec,12,2024-12
ORD-00172,2025-02-09,2025-02-13,CUST-1186,P-10140,Consumer,Central,Minnesota,Technology,Machines,4,410.39,5,0.05,111.95,Credit Card,First Class,2025,Feb,2,2025-02
ORD-00173,2025-12-06,2025-12-12,CUST-1082,P-10064,Corporate,West,California,Technology,Accessories,6,81.71,7,0.35,-2.74,Cash on Delivery,First Class,2025,Dec,12,2025-12
ORD-00174,2024-04-15,2024-04-18,CUST-1198,P-10337,Home Office,West,Arizona,Technology,Computers,3,51.58,8,0.2,2.58,Credit Card,First Class,2024,Apr,4,2024-04
ORD-00175,2025-12-21,2025-12-26,CUST-1207,P-10347,Corporate,East,Ohio,Furniture,Tables,5,157.35,7,0.35,-3.02,Credit Card,First Class,2025,Dec,12,2025-12
ORD-00176,2024-08-01,2024-08-04,CUST-1212,P-10054,Consumer,East,Pennsylvania,Technology,Accessories,3,127.59,3,0.3,6.04,Cash on Delivery,Second Class,2024,Aug,8,2024-08
ORD-00177,2025-08-06,2025-08-10,CUST-1254,P-10530,Home Office,West,California,Technology,Phones,4,282.74,6,0.2,72.76,Credit Card,Standard Class,2025,Aug,8,2025-08
ORD-00178,2024-01-22,2024-01-27,CUST-1278,P-10022,Corporate,East,New Jersey,Furniture,Bookcases,5,64.56,6,0.1,3.68,Cash on Delivery,Second Class,2024,Jan,1,2024-01
ORD-00179,2024-05-17,2024-05-23,CUST-1289,P-10183,Consumer,West,Arizona,Furniture,Chairs,6,141.02,4,0.15,6.18,Credit Card,Standard Class,2024,May,5,2024-05
ORD-00180,2025-06-14,2025-06-16,CUST-1093,P-10318,Corporate,West,Arizona,Furniture,Bookcases,2,58.79,7,0.1,-3.9,Cash on Delivery,Second Class,2025,Jun,6,2025-06
ORD-00181,2024-09-22,2024-09-25,CUST-1028,P-10205,Home Office,Central,Illinois,Technology,Accessories,3,87.31,4,0.25,-5.82,Online,Second Class,2024,Sep,9,2024-09
ORD-00182,2025-08-07,2025-08-12,CUST-1218,P-10134,Consumer,East,New Jersey,Office Supplies,Binders,5,74.33,2,0.3,2.5,Cash on Delivery,Standard Class,2025,Aug,8,2025-08
ORD-00183,2025-04-12,2025-04-14,CUST-1074,P-10339,Consumer,West,Washington,Office Supplies,Binders,2,227.26,2,0.05,46.35,Online,Same Day,2025,Apr,4,2025-04
ORD-00184,2024-10-11,2024-10-16,CUST-1274,P-10090,Corporate,South,Florida,Office Supplies,Appliances,5,101.1,5,0.2,-0.48,Credit Card,Second Class,2024,Oct,10,2024-10
ORD-00185,2024-08-09,2024-08-12,CUST-1074,P-10496,Consumer,Central,Minnesota,Office Supplies,Storage,3,174.26,6,0.15,23.25,Cash on Delivery,First Class,2024,Aug,8,2024-08
ORD-00186,2025-03-30,2025-03-31,CUST-1124,P-10145,Home Office,West,Washington,Office Supplies,Paper,1,83.34,8,0.1,10.62,Cash on Delivery,Same Day,2025,Mar,3,2025-03
ORD-00187,2025-03-23,2025-03-26,CUST-1180,P-10107,Home Office,South,North Carolina,Technology,Accessories,3,76.38,4,0.35,10.58,Online,First Class,2025,Mar,3,2025-03
ORD-00188,2025-04-30,2025-05-05,CUST-1292,P-10101,Consumer,Central,Illinois,Furniture,Chairs,5,170.9,2,0.2,2.11,Online,First Class,2025,Apr,4,2025-04
ORD-00189,2025-04-24,2025-04-27,CUST-1194,P-10538,Consumer,East,Ohio,Office Supplies,Appliances,3,91.99,5,0.35,-5.61,Credit Card,Same Day,2025,Apr,4,2025-04
ORD-00190,2024-11-23,2024-11-26,CUST-1184,P-10135,Home Office,South,Tennessee,Furniture,Tables,3,93.75,5,0.0,4.79,Credit Card,Second Class,2024,Nov,11,2024-11
ORD-00191,2025-01-12,2025-01-16,CUST-1021,P-10370,Home Office,East,Pennsylvania,Office Supplies,Paper,4,33.61,2,0.0,4.9,Credit Card,Same Day,2025,Jan,1,2025-01
ORD-00192,2025-05-02,2025-05-05,CUST-1151,P-10382,Home Office,West,California,Furniture,Chairs,3,132.99,6,0.35,0.3,Credit Card,Standard Class,2025,May,5,2025-05
ORD-00193,2024-10-19,2024-10-22,CUST-1062,P-10270,Corporate,South,North Carolina,Technology,Accessories,3,112.79,5,0.0,33.24,Online,First Class,2024,Oct,10,2024-10
ORD-00194,2024-10-04,2024-10-07,CUST-1291,P-10395,Corporate,East,New York,Office Supplies,Paper,3,45.53,5,0.1,8.44,Cash on Delivery,Second Class,2024,Oct,10,2024-10
ORD-00195,2025-02-17,2025-02-22,CUST-1279,P-10464,Corporate,Central,Wisconsin,Office Supplies,Storage,5,240.04,6,0.35,-26.6,Credit Card,Standard Class,2025,Feb,2,2025-02
ORD-00196,2025-09-09,2025-09-11,CUST-1169,P-10344,Consumer,West,Arizona,Technology,Accessories,2,59.74,6,0.15,1.49,Credit Card,First Class,2025,Sep,9,2025-09
ORD-00197,2025-09-23,2025-09-26,CUST-1135,P-10158,Home Office,Central,Missouri,Furniture,Furnishings,3,85.77,6,0.25,-1.42,Online,Second Class,2025,Sep,9,2025-09
ORD-00198,2024-10-15,2024-10-17,CUST-1189,P-10142,Corporate,East,New Jersey,Office Supplies,Storage,2,97.41,4,0.0,2.42,Credit Card,Standard Class,2024,Oct,10,2024-10
ORD-00199,2025-11-26,2025-12-02,CUST-1063,P-10044,Corporate,Central,Missouri,Technology,Phones,6,323.95,8,0.15,35.69,Online,Second Class,2025,Nov,11,2025-11
ORD-00200,2024-09-20,2024-09-22,CUST-1279,P-10349,Consumer,West,California,Furniture,Bookcases,2,204.9,3,0.2,-30.72,Online,Same Day,2024,Sep,9,2024-09
ORD-00201,2024-11-19,2024-11-23,CUST-1138,P-10391,Corporate,West,Washington,Furniture,Chairs,4,172.62,4,0.0,3.3,Online,First Class,2024,Nov,11,2024-11
ORD-00202,2025-07-20,2025-07-25,CUST-1132,P-10080,Consumer,East,Pennsylvania,Office Supplies,Storage,5,73.45,8,0.05,12.18,Online,First Class,2025,Jul,7,2025-07
ORD-00203,2024-02-19,2024-02-22,CUST-1106,P-10002,Consumer,Central,Missouri,Technology,Accessories,3,81.14,7,0.05,-2.99,Credit Card,First Class,2024,Feb,2,2024-02
ORD-00204,2025-07-25,2025-07-29,CUST-1074,P-10078,Home Office,South,Virginia,Technology,Machines,4,73.25,4,0.2,7.68,Cash on Delivery,First Class,2025,Jul,7,2025-07
ORD-00205,2024-10-16,2024-10-21,CUST-1227,P-10379,Consumer,West,Washington,Furniture,Chairs,5,76.64,7,0.15,0.93,Credit Card,Same Day,2024,Oct,10,2024-10
ORD-00206,2024-09-19,2024-09-20,CUST-1244,P-10488,Corporate,South,Florida,Furniture,Bookcases,1,40.08,4,0.25,4.5,Credit Card,Same Day,2024,Sep,9,2024-09
ORD-00207,2024-09-16,2024-09-19,CUST-1083,P-10493,Home Office,East,Pennsylvania,Technology,Machines,3,180.04,3,0.05,31.0,Credit Card,Same Day,2024,Sep,9,2024-09
ORD-00208,2025-09-12,2025-09-14,CUST-1094,P-10106,Home Office,East,Ohio,Office Supplies,Binders,2,279.38,5,0.2,5.65,Cash on Delivery,Same Day,2025,Sep,9,2025-09
ORD-00209,2025-12-21,2025-12-25,CUST-1222,P-10007,Corporate,Central,Texas,Office Supplies,Paper,4,227.96,1,0.25,4.53,Online,Same Day,2025,Dec,12,2025-12
ORD-00210,2024-09-07,2024-09-11,CUST-1210,P-10304,Home Office,Central,Texas,Office Supplies,Appliances,4,100.47,8,0.3,2.83,Credit Card,Standard Class,2024,Sep,9,2024-09
ORD-00211,2024-11-05,2024-11-08,CUST-1039,P-10133,Corporate,West,California,Furniture,Furnishings,3,108.98,5,0.05,26.04,Credit Card,First Class,2024,Nov,11,2024-11
ORD-00212,2024-04-01,2024-04-05,CUST-1168,P-10000,Consumer,Central,Texas,Office Supplies,Binders,4,138.35,7,0.25,25.25,Credit Card,Second Class,2024,Apr,4,2024-04
ORD-00213,2024-12-29,2024-12-31,CUST-1040,P-10052,Consumer,East,New York,Furniture,Tables,2,229.84,5,0.2,-8.24,Online,Same Day,2024,Dec,12,2024-12
ORD-00214,2025-07-17,2025-07-23,CUST-1039,P-10429,Home Office,Central,Illinois,Furniture,Tables,6,63.41,3,0.05,14.26,Credit Card,Same Day,2025,Jul,7,2025-07
ORD-00215,2025-01-03,2025-01-09,CUST-1245,P-10549,Corporate,South,Georgia,Office Supplies,Paper,6,94.44,6,0.3,-1.66,Online,Second Class,2025,Jan,1,2025-01
ORD-00216,2025-05-05,2025-05-09,CUST-1130,P-10534,Consumer,South,Florida,Technology,Phones,4,101.66,6,0.25,8.06,Cash on Delivery,Standard Class,2025,May,5,2025-05
ORD-00217,2024-03-29,2024-04-02,CUST-1293,P-10540,Consumer,Central,Wisconsin,Furniture,Bookcases,4,54.24,3,0.05,-1.74,Credit Card,Standard Class,2024,Mar,3,2024-03
ORD-00218,2024-07-02,2024-07-04,CUST-1167,P-10484,Home Office,West,Arizona,Technology,Accessories,2,68.38,7,0.25,1.04,Cash on Delivery,First Class,2024,Jul,7,2024-07
ORD-00219,2025-03-19,2025-03-21,CUST-1043,P-10332,Corporate,East,Massachusetts,Office Supplies,Binders,2,288.18,6,0.15,28.98,Online,Standard Class,2025,Mar,3,2025-03
ORD-00220,2024-08-13,2024-08-14,CUST-1102,P-10458,Corporate,Central,Minnesota,Technology,Accessories,1,61.1,8,0.25,14.44,Online,First Class,2024,Aug,8,2024-08
ORD-00221,2024-11-29,2024-12-02,CUST-1143,P-10250,Consumer,South,North Carolina,Office Supplies,Appliances,3,263.76,6,0.0,17.67,Credit Card,First Class,2024,Nov,11,2024-11
ORD-00222,2024-06-24,2024-06-27,CUST-1101,P-10399,Corporate,Central,Illinois,Furniture,Furnishings,3,110.48,6,0.35,-16.27,Online,Same Day,2024,Jun,6,2024-06
ORD-00223,2024-12-08,2024-12-13,CUST-1004,P-10200,Corporate,Central,Missouri,Technology,Phones,5,51.37,5,0.3,3.43,Credit Card,Second Class,2024,Dec,12,2024-12
ORD-00224,2024-06-26,2024-06-30,CUST-1264,P-10469,Consumer,East,New Jersey,Furniture,Chairs,4,35.84,4,0.15,0.37,Cash on Delivery,First Class,2024,Jun,6,2024-06
ORD-00225,2025-12-05,2025-12-07,CUST-1034,P-10363,Home Office,Central,Texas,Furniture,Chairs,2,178.7,7,0.15,8.35,Credit Card,Same Day,2025,Dec,12,2025-12
ORD-00226,2024-10-25,2024-10-27,CUST-1213,P-10361,Home Office,South,Virginia,Office Supplies,Storage,2,281.96,6,0.15,19.78,Credit Card,Same Day,2024,Oct,10,2024-10
ORD-00227,2024-07-16,2024-07-19,CUST-1096,P-10142,Home Office,East,New Jersey,Furniture,Chairs,3,58.42,6,0.0,2.22,Online,First Class,2024,Jul,7,2024-07
ORD-00228,2024-06-27,2024-07-02,CUST-1229,P-10520,Consumer,East,Pennsylvania,Furniture,Chairs,5,78.65,1,0.0,1.29,Cash on Delivery,Same Day,2024,Jun,6,2024-06
ORD-00229,2024-06-21,2024-06-27,CUST-1018,P-10231,Corporate,East,New York,Furniture,Chairs,6,28.71,7,0.1,1.04,Credit Card,Same Day,2024,Jun,6,2024-06
ORD-00230,2025-06-25,2025-06-29,CUST-1276,P-10055,Home Office,West,Oregon,Technology,Phones,4,205.4,4,0.15,-5.08,Online,Standard Class,2025,Jun,6,2025-06
ORD-00231,2025-07-14,2025-07-19,CUST-1217,P-10433,Corporate,East,Pennsylvania,Office Supplies,Paper,5,32.32,6,0.2,1.84,Online,Standard Class,2025,Jul,7,2025-07
ORD-00232,2025-09-04,2025-09-10,CUST-1249,P-10126,Consumer,East,Massachusetts,Furniture,Chairs,6,136.83,7,0.1,-2.3,Credit Card,Second Class,2025,Sep,9,2025-09
ORD-00233,2025-12-28,2025-12-31,CUST-1243,P-10483,Corporate,West,Arizona,Technology,Phones,3,195.13,8,0.2,18.67,Credit Card,Second Class,2025,Dec,12,2025-12
ORD-00234,2025-09-30,2025-10-06,CUST-1033,P-10220,Consumer,East,Massachusetts,Office Supplies,Appliances,6,50.98,7,0.05,4.46,Cash on Delivery,Second Class,2025,Sep,9,2025-09
ORD-00235,2024-03-12,2024-03-15,CUST-1275,P-10442,Home Office,West,Washington,Technology,Accessories,3,77.86,6,0.05,6.43,Cash on Delivery,Standard Class,2024,Mar,3,2024-03
ORD-00236,2024-10-15,2024-10-19,CUST-1217,P-10106,Corporate,East,Ohio,Technology,Machines,4,107.22,3,0.1,8.2,Credit Card,Second Class,2024,Oct,10,2024-10
ORD-00237,2024-09-04,2024-09-08,CUST-1130,P-10166,Consumer,West,Nevada,Furniture,Tables,4,71.38,5,0.35,2.22,Online,Standard Class,2024,Sep,9,2024-09
ORD-00238,2024-06-15,2024-06-19,CUST-1207,P-10138,Consumer,Central,Texas,Furniture,Bookcases,4,149.89,4,0.2,0.29,Online,Second Class,2024,Jun,6,2024-06
ORD-00239,2025-04-28,2025-05-02,CUST-1118,P-10280,Corporate,East,New Jersey,Furniture,Furnishings,4,129.93,1,0.15,14.28,Online,Same Day,2025,Apr,4,2025-04
ORD-00240,2024-09-10,2024-09-12,CUST-1163,P-10394,Home Office,Central,Texas,Office Supplies,Appliances,2,20.85,7,0.25,0.22,Online,First Class,2024,Sep,9,2024-09
ORD-00241,2025-02-04,2025-02-06,CUST-1135,P-10532,Consumer,East,New Jersey,Technology,Computers,2,24.49,6,0.0,4.56,Credit Card,Standard Class,2025,Feb,2,2025-02
ORD-00242,2024-02-03,2024-02-08,CUST-1297,P-10264,Consumer,Central,Wisconsin,Office Supplies,Paper,5,104.11,5,0.3,10.89,Cash on Delivery,Same Day,2024,Feb,2,2024-02
ORD-00243,2024-08-29,2024-09-02,CUST-1025,P-10275,Corporate,Central,Texas,Technology,Phones,4,77.23,3,0.05,17.17,Credit Card,First Class,2024,Aug,8,2024-08
ORD-00244,2024-08-24,2024-08-27,CUST-1168,P-10354,Home Office,South,Tennessee,Furniture,Bookcases,3,98.65,1,0.2,2.96,Online,Same Day,2024,Aug,8,2024-08
ORD-00245,2025-07-19,2025-07-22,CUST-1149,P-10277,Corporate,Central,Minnesota,Furniture,Furnishings,3,91.38,2,0.3,2.2,Credit Card,Second Class,2025,Jul,7,2025-07
ORD-00246,2025-08-29,2025-09-04,CUST-1273,P-10324,Corporate,South,Georgia,Office Supplies,Storage,6,170.95,3,0.25,-5.21,Online,Same Day,2025,Aug,8,2025-08
ORD-00247,2024-02-14,2024-02-17,CUST-1295,P-10338,Corporate,South,Virginia,Technology,Machines,3,70.49,1,0.0,5.46,Cash on Delivery,First Class,2024,Feb,2,2024-02
ORD-00248,2025-01-11,2025-01-13,CUST-1142,P-10431,Corporate,Central,Minnesota,Furniture,Chairs,2,87.02,7,0.05,17.95,Online,Second Class,2025,Jan,1,2025-01
ORD-00249,2025-04-02,2025-04-04,CUST-1296,P-10376,Home Office,South,Virginia,Office Supplies,Storage,2,124.84,5,0.35,24.31,Online,Same Day,2025,Apr,4,2025-04
ORD-00250,2025-04-03,2025-04-08,CUST-1263,P-10148,Consumer,East,New York,Furniture,Chairs,5,136.15,6,0.3,12.01,Cash on Delivery,Same Day,2025,Apr,4,2025-04
ORD-00251,2024-09-04,2024-09-08,CUST-1213,P-10332,Home Office,South,Florida,Office Supplies,Binders,4,58.82,8,0.05,3.28,Credit Card,Standard Class,2024,Sep,9,2024-09
ORD-00252,2025-10-01,2025-10-03,CUST-1123,P-10000,Consumer,Central,Texas,Technology,Accessories,2,40.61,8,0.3,2.05,Credit Card,Standard Class,2025,Oct,10,2025-10
ORD-00253,2025-10-27,2025-10-28,CUST-1242,P-10437,Home Office,East,Massachusetts,Office Supplies,Storage,1,79.16,6,0.0,19.02,Cash on Delivery,Standard Class,2025,Oct,10,2025-10
ORD-00254,2024-06-23,2024-06-26,CUST-1279,P-10467,Home Office,Central,Texas,Furniture,Tables,3,64.71,7,0.05,-6.16,Credit Card,First Class,2024,Jun,6,2024-06
ORD-00255,2024-06-28,2024-07-01,CUST-1069,P-10548,Corporate,East,New Jersey,Technology,Computers,3,137.08,3,0.35,-0.68,Online,First Class,2024,Jun,6,2024-06
ORD-00256,2025-03-02,2025-03-04,CUST-1175,P-10530,Consumer,Central,Texas,Office Supplies,Binders,2,10.61,5,0.1,1.01,Online,Second Class,2025,Mar,3,2025-03
ORD-00257,2024-12-28,2025-01-02,CUST-1203,P-10281,Consumer,South,North Carolina,Office Supplies,Paper,5,58.49,4,0.1,7.55,Cash on Delivery,Standard Class,2024,Dec,12,2024-12
ORD-00258,2024-09-05,2024-09-09,CUST-1004,P-10197,Home Office,South,North Carolina,Office Supplies,Paper,4,117.34,4,0.35,10.51,Credit Card,First Class,2024,Sep,9,2024-09
ORD-00259,2024-03-28,2024-04-03,CUST-1027,P-10352,Home Office,South,North Carolina,Furniture,Furnishings,6,131.61,2,0.35,21.85,Cash on Delivery,Standard Class,2024,Mar,3,2024-03
ORD-00260,2025-04-12,2025-04-18,CUST-1031,P-10494,Corporate,South,North Carolina,Furniture,Furnishings,6,128.06,3,0.3,13.17,Cash on Delivery,Standard Class,2025,Apr,4,2025-04
ORD-00261,2025-08-09,2025-08-13,CUST-1066,P-10104,Corporate,Central,Illinois,Furniture,Furnishings,4,291.12,1,0.25,-37.63,Credit Card,Second Class,2025,Aug,8,2025-08
ORD-00262,2025-03-21,2025-03-26,CUST-1036,P-10310,Corporate,East,Massachusetts,Technology,Phones,5,173.02,7,0.05,32.55,Online,First Class,2025,Mar,3,2025-03
ORD-00263,2024-11-01,2024-11-05,CUST-1075,P-10476,Consumer,South,Tennessee,Technology,Accessories,4,26.36,1,0.25,2.16,Credit Card,Second Class,2024,Nov,11,2024-11
ORD-00264,2025-10-19,2025-10-23,CUST-1048,P-10485,Home Office,West,California,Furniture,Chairs,4,53.56,8,0.2,8.17,Cash on Delivery,Standard Class,2025,Oct,10,2025-10
ORD-00265,2025-03-01,2025-03-04,CUST-1193,P-10464,Corporate,South,North Carolina,Office Supplies,Appliances,3,90.73,1,0.05,3.47,Cash on Delivery,First Class,2025,Mar,3,2025-03
ORD-00266,2025-06-26,2025-06-30,CUST-1192,P-10074,Home Office,Central,Minnesota,Office Supplies,Storage,4,68.31,8,0.35,-4.95,Cash on Delivery,Standard Class,2025,Jun,6,2025-06
ORD-00267,2024-09-06,2024-09-09,CUST-1068,P-10342,Corporate,East,Pennsylvania,Technology,Accessories,3,161.34,2,0.2,-3.17,Cash on Delivery,Standard Class,2024,Sep,9,2024-09
ORD-00268,2024-03-07,2024-03-13,CUST-1116,P-10208,Consumer,Central,Wisconsin,Office Supplies,Binders,6,36.15,1,0.1,-0.75,Credit Card,Second Class,2024,Mar,3,2024-03
ORD-00269,2025-05-17,2025-05-21,CUST-1250,P-10069,Home Office,West,Washington,Office Supplies,Paper,4,134.46,7,0.1,-2.23,Credit Card,Same Day,2025,May,5,2025-05
ORD-00270,2024-05-02,2024-05-06,CUST-1070,P-10254,Home Office,South,Virginia,Technology,Phones,4,44.22,8,0.15,0.7,Online,Standard Class,2024,May,5,2024-05
ORD-00271,2024-04-22,2024-04-24,CUST-1162,P-10006,Corporate,East,New Jersey,Technology,Accessories,2,120.96,2,0.15,13.67,Credit Card,First Class,2024,Apr,4,2024-04
ORD-00272,2025-02-10,2025-02-11,CUST-1180,P-10139,Home Office,South,Virginia,Furniture,Bookcases,1,149.89,5,0.2,-4.29,Online,Second Class,2025,Feb,2,2025-02
ORD-00273,2024-11-24,2024-11-30,CUST-1194,P-10450,Home Office,East,New York,Furniture,Bookcases,6,22.14,3,0.15,-0.89,Credit Card,Same Day,2024,Nov,11,2024-11
ORD-00274,2024-07-04,2024-07-08,CUST-1287,P-10398,Consumer,Central,Texas,Technology,Accessories,4,81.48,7,0.05,9.4,Credit Card,Same Day,2024,Jul,7,2024-07
ORD-00275,2025-08-26,2025-08-27,CUST-1130,P-10458,Home Office,South,Virginia,Furniture,Bookcases,1,127.94,2,0.1,18.75,Credit Card,Second Class,2025,Aug,8,2025-08
ORD-00276,2024-10-06,2024-10-10,CUST-1098,P-10306,Home Office,West,California,Furniture,Chairs,4,155.28,1,0.0,22.23,Cash on Delivery,First Class,2024,Oct,10,2024-10
ORD-00277,2024-08-25,2024-08-28,CUST-1075,P-10425,Consumer,West,California,Office Supplies,Paper,3,344.66,3,0.35,2.07,Online,First Class,2024,Aug,8,2024-08
ORD-00278,2025-03-13,2025-03-16,CUST-1015,P-10504,Consumer,South,North Carolina,Furniture,Bookcases,3,192.12,2,0.15,6.81,Online,First Class,2025,Mar,3,2025-03
ORD-00279,2024-11-27,2024-11-30,CUST-1168,P-10474,Consumer,West,Washington,Technology,Machines,3,94.02,1,0.05,21.09,Credit Card,Standard Class,2024,Nov,11,2024-11
ORD-00280,2025-04-17,2025-04-22,CUST-1134,P-10432,Corporate,West,Arizona,Technology,Accessories,5,45.36,3,0.1,3.4,Online,Standard Class,2025,Apr,4,2025-04
ORD-00281,2025-08-11,2025-08-14,CUST-1009,P-10038,Corporate,East,Pennsylvania,Furniture,Chairs,3,404.82,3,0.15,-8.94,Cash on Delivery,Same Day,2025,Aug,8,2025-08
ORD-00282,2024-12-20,2024-12-24,CUST-1218,P-10033,Consumer,West,Arizona,Office Supplies,Paper,4,120.0,1,0.2,-1.07,Cash on Delivery,First Class,2024,Dec,12,2024-12
ORD-00283,2024-01-08,2024-01-10,CUST-1024,P-10081,Consumer,East,Pennsylvania,Furniture,Furnishings,2,91.59,3,0.15,5.87,Credit Card,First Class,2024,Jan,1,2024-01
ORD-00284,2024-06-27,2024-07-03,CUST-1263,P-10443,Home Office,East,Ohio,Technology,Accessories,6,110.85,2,0.15,18.87,Credit Card,Standard Class,2024,Jun,6,2024-06
ORD-00285,2025-02-03,2025-02-06,CUST-1226,P-10410,Corporate,East,New York,Furniture,Bookcases,3,144.18,7,0.25,8.3,Online,First Class,2025,Feb,2,2025-02
ORD-00286,2025-07-10,2025-07-11,CUST-1272,P-10444,Corporate,East,Pennsylvania,Office Supplies,Appliances,1,43.06,8,0.2,4.36,Credit Card,First Class,2025,Jul,7,2025-07
ORD-00287,2024-07-26,2024-07-29,CUST-1146,P-10220,Consumer,East,Massachusetts,Furniture,Bookcases,3,153.06,6,0.2,6.45,Cash on Delivery,Standard Class,2024,Jul,7,2024-07
ORD-00288,2025-11-15,2025-11-18,CUST-1184,P-10014,Home Office,Central,Illinois,Office Supplies,Binders,3,71.63,5,0.0,13.45,Cash on Delivery,Second Class,2025,Nov,11,2025-11
ORD-00289,2024-08-10,2024-08-11,CUST-1019,P-10196,Corporate,East,Ohio,Technology,Computers,1,34.34,7,0.25,6.39,Online,Second Class,2024,Aug,8,2024-08
ORD-00290,2025-07-21,2025-07-27,CUST-1010,P-10528,Corporate,Central,Illinois,Office Supplies,Storage,6,114.11,5,0.15,23.7,Credit Card,Same Day,2025,Jul,7,2025-07
ORD-00291,2025-07-22,2025-07-28,CUST-1010,P-10534,Consumer,South,Tennessee,Technology,Accessories,6,57.49,8,0.0,10.88,Credit Card,Same Day,2025,Jul,7,2025-07
ORD-00292,2025-01-29,2025-02-02,CUST-1285,P-10488,Consumer,Central,Texas,Furniture,Tables,4,53.06,7,0.05,7.13,Online,Second Class,2025,Jan,1,2025-01
ORD-00293,2025-07-05,2025-07-06,CUST-1169,P-10127,Corporate,East,New York,Furniture,Furnishings,1,212.69,3,0.3,-9.22,Credit Card,First Class,2025,Jul,7,2025-07
ORD-00294,2024-06-03,2024-06-07,CUST-1209,P-10525,Consumer,Central,Missouri,Furniture,Bookcases,4,41.14,1,0.0,5.94,Credit Card,First Class,2024,Jun,6,2024-06
ORD-00295,2024-11-27,2024-12-02,CUST-1122,P-10124,Corporate,East,New York,Office Supplies,Storage,5,104.97,7,0.0,13.26,Cash on Delivery,First Class,2024,Nov,11,2024-11
ORD-00296,2024-08-14,2024-08-15,CUST-1268,P-10100,Corporate,West,California,Furniture,Tables,1,144.28,6,0.1,-21.8,Cash on Delivery,Second Class,2024,Aug,8,2024-08
ORD-00297,2024-02-25,2024-02-28,CUST-1271,P-10412,Corporate,Central,Illinois,Technology,Machines,3,108.98,2,0.2,0.95,Cash on Delivery,Standard Class,2024,Feb,2,2024-02
ORD-00298,2025-01-11,2025-01-12,CUST-1233,P-10230,Home Office,West,Nevada,Office Supplies,Storage,1,109.89,1,0.0,6.82,Cash on Delivery,Standard Class,2025,Jan,1,2025-01
ORD-00299,2025-02-10,2025-02-12,CUST-1110,P-10474,Corporate,South,Florida,Office Supplies,Storage,2,84.39,1,0.35,-1.24,Credit Card,Second Class,2025,Feb,2,2025-02
ORD-00300,2024-02-22,2024-02-27,CUST-1054,P-10483,Corporate,Central,Illinois,Technology,Phones,5,55.97,3,0.1,4.77,Cash on Delivery,First Class,2024,Feb,2,2024-02
ORD-00301,2024-11-18,2024-11-19,CUST-1092,P-10464,Home Office,South,Georgia,Furniture,Furnishings,1,92.86,2,0.2,1.95,Cash on Delivery,First Class,2024,Nov,11,2024-11
ORD-00302,2024-06-11,2024-06-16,CUST-1155,P-10439,Home Office,West,Oregon,Office Supplies,Paper,5,235.18,6,0.35,29.91,Online,First Class,2024,Jun,6,2024-06
ORD-00303,2024-11-11,2024-11-17,CUST-1279,P-10501,Consumer,West,Oregon,Office Supplies,Paper,6,195.01,7,0.1,16.95,Credit Card,First Class,2024,Nov,11,2024-11
ORD-00304,2025-04-11,2025-04-17,CUST-1249,P-10297,Home Office,East,Pennsylvania,Technology,Accessories,6,64.74,6,0.05,6.01,Credit Card,Same Day,2025,Apr,4,2025-04
ORD-00305,2025-05-25,2025-05-31,CUST-1015,P-10197,Home Office,South,Tennessee,Office Supplies,Paper,6,109.28,8,0.0,22.22,Online,Same Day,2025,May,5,2025-05
ORD-00306,2024-03-23,2024-03-29,CUST-1138,P-10270,Corporate,West,Arizona,Office Supplies,Binders,6,104.2,4,0.2,8.32,Online,First Class,2024,Mar,3,2024-03
ORD-00307,2025-12-19,2025-12-23,CUST-1050,P-10156,Home Office,Central,Illinois,Office Supplies,Binders,4,35.46,7,0.2,7.77,Cash on Delivery,Same Day,2025,Dec,12,2025-12
ORD-00308,2024-05-04,2024-05-08,CUST-1085,P-10048,Home Office,West,California,Furniture,Tables,4,60.07,6,0.3,-3.78,Cash on Delivery,Same Day,2024,May,5,2024-05
ORD-00309,2024-07-17,2024-07-19,CUST-1093,P-10225,Consumer,Central,Minnesota,Technology,Phones,2,232.38,5,0.35,12.5,Cash on Delivery,Second Class,2024,Jul,7,2024-07
ORD-00310,2025-01-24,2025-01-30,CUST-1289,P-10067,Corporate,West,Nevada,Technology,Computers,6,793.45,3,0.1,150.55,Online,Same Day,2025,Jan,1,2025-01
ORD-00311,2024-03-29,2024-04-02,CUST-1168,P-10428,Consumer,East,New York,Office Supplies,Storage,4,80.3,6,0.15,7.09,Cash on Delivery,First Class,2024,Mar,3,2024-03
ORD-00312,2025-01-20,2025-01-22,CUST-1166,P-10524,Corporate,West,Arizona,Office Supplies,Storage,2,56.3,4,0.3,4.45,Cash on Delivery,Standard Class,2025,Jan,1,2025-01
ORD-00313,2024-06-04,2024-06-07,CUST-1032,P-10117,Home Office,East,New Jersey,Furniture,Tables,3,269.63,5,0.0,60.59,Cash on Delivery,Same Day,2024,Jun,6,2024-06
ORD-00314,2025-06-21,2025-06-24,CUST-1288,P-10093,Consumer,South,Tennessee,Technology,Computers,3,138.82,8,0.05,26.52,Credit Card,First Class,2025,Jun,6,2025-06
ORD-00315,2025-12-02,2025-12-05,CUST-1265,P-10253,Home Office,Central,Missouri,Technology,Phones,3,426.2,2,0.1,-4.32,Online,Second Class,2025,Dec,12,2025-12
ORD-00316,2024-04-11,2024-04-12,CUST-1165,P-10164,Consumer,East,New Jersey,Furniture,Tables,1,184.77,7,0.3,-3.81,Credit Card,Second Class,2024,Apr,4,2024-04
ORD-00317,2024-01-11,2024-01-14,CUST-1213,P-10067,Home Office,South,Tennessee,Technology,Accessories,3,74.66,7,0.25,9.18,Credit Card,First Class,2024,Jan,1,2024-01
ORD-00318,2025-11-04,2025-11-07,CUST-1118,P-10151,Home Office,East,Pennsylvania,Technology,Machines,3,90.47,3,0.15,1.19,Online,Second Class,2025,Nov,11,2025-11
ORD-00319,2025-04-20,2025-04-25,CUST-1126,P-10094,Corporate,Central,Texas,Furniture,Tables,5,105.01,2,0.05,7.92,Credit Card,Standard Class,2025,Apr,4,2025-04
ORD-00320,2025-10-16,2025-10-21,CUST-1011,P-10271,Consumer,West,Washington,Technology,Accessories,5,32.3,4,0.25,0.41,Credit Card,Same Day,2025,Oct,10,2025-10
ORD-00321,2024-11-18,2024-11-22,CUST-1188,P-10473,Home Office,South,North Carolina,Furniture,Tables,4,134.83,6,0.1,23.72,Online,Standard Class,2024,Nov,11,2024-11
ORD-00322,2024-11-19,2024-11-24,CUST-1288,P-10126,Home Office,East,New Jersey,Technology,Computers,5,155.04,1,0.2,11.91,Cash on Delivery,Same Day,2024,Nov,11,2024-11
ORD-00323,2025-09-27,2025-10-01,CUST-1021,P-10049,Corporate,West,Nevada,Technology,Computers,4,104.08,1,0.0,12.97,Cash on Delivery,Second Class,2025,Sep,9,2025-09
ORD-00324,2024-05-27,2024-06-01,CUST-1206,P-10035,Consumer,Central,Minnesota,Office Supplies,Binders,5,32.91,6,0.25,-1.9,Credit Card,Standard Class,2024,May,5,2024-05
ORD-00325,2024-04-09,2024-04-11,CUST-1060,P-10047,Home Office,Central,Wisconsin,Furniture,Furnishings,2,116.57,3,0.25,0.04,Credit Card,First Class,2024,Apr,4,2024-04
ORD-00326,2024-08-06,2024-08-08,CUST-1130,P-10528,Home Office,West,Arizona,Office Supplies,Storage,2,127.13,3,0.25,9.81,Cash on Delivery,Same Day,2024,Aug,8,2024-08
ORD-00327,2024-07-27,2024-07-30,CUST-1165,P-10066,Corporate,West,California,Furniture,Chairs,3,147.27,2,0.3,15.71,Credit Card,Second Class,2024,Jul,7,2024-07
ORD-00328,2025-09-25,2025-10-01,CUST-1074,P-10459,Consumer,Central,Texas,Furniture,Tables,6,155.47,1,0.15,7.99,Cash on Delivery,Same Day,2025,Sep,9,2025-09
ORD-00329,2024-08-06,2024-08-12,CUST-1094,P-10442,Home Office,East,Massachusetts,Office Supplies,Storage,6,71.78,4,0.35,-1.79,Online,Second Class,2024,Aug,8,2024-08
ORD-00330,2025-08-05,2025-08-07,CUST-1093,P-10290,Home Office,Central,Illinois,Office Supplies,Binders,2,119.73,7,0.15,0.74,Online,Second Class,2025,Aug,8,2025-08
ORD-00331,2025-07-20,2025-07-22,CUST-1115,P-10017,Consumer,South,North Carolina,Furniture,Chairs,2,146.74,6,0.05,7.62,Online,Standard Class,2025,Jul,7,2025-07
ORD-00332,2025-02-11,2025-02-13,CUST-1052,P-10039,Home Office,West,California,Office Supplies,Storage,2,57.94,6,0.2,5.93,Credit Card,Second Class,2025,Feb,2,2025-02
ORD-00333,2025-06-09,2025-06-12,CUST-1003,P-10057,Home Office,South,Florida,Technology,Computers,3,267.41,6,0.25,18.38,Cash on Delivery,Standard Class,2025,Jun,6,2025-06
ORD-00334,2024-06-04,2024-06-08,CUST-1023,P-10110,Home Office,West,California,Technology,Machines,4,72.22,6,0.2,5.43,Credit Card,First Class,2024,Jun,6,2024-06
ORD-00335,2024-04-21,2024-04-25,CUST-1289,P-10321,Consumer,South,North Carolina,Technology,Accessories,4,79.67,3,0.1,13.91,Online,First Class,2024,Apr,4,2024-04
ORD-00336,2024-03-05,2024-03-08,CUST-1228,P-10373,Home Office,West,Nevada,Furniture,Chairs,3,18.76,5,0.25,-1.28,Online,First Class,2024,Mar,3,2024-03
ORD-00337,2024-08-01,2024-08-05,CUST-1139,P-10130,Consumer,West,California,Furniture,Furnishings,4,268.01,4,0.0,13.13,Cash on Delivery,First Class,2024,Aug,8,2024-08
ORD-00338,2024-05-15,2024-05-17,CUST-1237,P-10170,Home Office,South,Tennessee,Furniture,Bookcases,2,145.59,5,0.0,29.79,Cash on Delivery,Standard Class,2024,May,5,2024-05
ORD-00339,2025-09-15,2025-09-18,CUST-1281,P-10385,Home Office,East,New York,Furniture,Bookcases,3,88.0,6,0.35,-11.34,Online,Same Day,2025,Sep,9,2025-09
ORD-00340,2025-06-26,2025-06-29,CUST-1019,P-10187,Corporate,Central,Texas,Office Supplies,Storage,3,231.34,7,0.1,50.47,Cash on Delivery,First Class,2025,Jun,6,2025-06
ORD-00341,2025-09-19,2025-09-24,CUST-1171,P-10504,Home Office,West,Washington,Technology,Machines,5,61.44,2,0.05,1.6,Cash on Delivery,Standard Class,2025,Sep,9,2025-09
ORD-00342,2025-04-17,2025-04-19,CUST-1295,P-10013,Home Office,South,Virginia,Office Supplies,Storage,2,40.98,5,0.3,-2.3,Cash on Delivery,Standard Class,2025,Apr,4,2025-04
ORD-00343,2025-02-18,2025-02-21,CUST-1105,P-10395,Consumer,Central,Wisconsin,Office Supplies,Storage,3,77.07,1,0.15,5.91,Cash on Delivery,Same Day,2025,Feb,2,2025-02
ORD-00344,2025-09-01,2025-09-05,CUST-1211,P-10312,Home Office,East,Ohio,Office Supplies,Appliances,4,177.09,4,0.35,-10.0,Credit Card,Same Day,2025,Sep,9,2025-09
ORD-00345,2024-03-24,2024-03-26,CUST-1016,P-10133,Corporate,East,New York,Technology,Accessories,2,121.26,6,0.05,39.76,Online,Standard Class,2024,Mar,3,2024-03
ORD-00346,2025-02-12,2025-02-16,CUST-1252,P-10230,Consumer,East,New York,Office Supplies,Storage,4,123.63,8,0.15,10.03,Cash on Delivery,Standard Class,2025,Feb,2,2025-02
ORD-00347,2024-10-07,2024-10-10,CUST-1137,P-10511,Corporate,East,New Jersey,Office Supplies,Storage,3,63.41,4,0.25,-7.71,Credit Card,First Class,2024,Oct,10,2024-10
ORD-00348,2024-07-01,2024-07-04,CUST-1238,P-10318,Consumer,South,Georgia,Furniture,Furnishings,3,102.35,4,0.05,-4.83,Cash on Delivery,Standard Class,2024,Jul,7,2024-07
ORD-00349,2024-03-31,2024-04-04,CUST-1060,P-10152,Corporate,Central,Missouri,Technology,Accessories,4,147.34,4,0.15,22.24,Cash on Delivery,Standard Class,2024,Mar,3,2024-03
ORD-00350,2024-10-21,2024-10-25,CUST-1172,P-10224,Corporate,Central,Wisconsin,Furniture,Chairs,4,103.39,1,0.1,14.11,Cash on Delivery,Same Day,2024,Oct,10,2024-10
ORD-00351,2024-01-20,2024-01-25,CUST-1243,P-10143,Corporate,Central,Minnesota,Office Supplies,Storage,5,255.16,4,0.35,23.35,Credit Card,Second Class,2024,Jan,1,2024-01
ORD-00352,2024-10-07,2024-10-11,CUST-1229,P-10365,Home Office,Central,Texas,Furniture,Bookcases,4,63.36,1,0.3,-3.87,Online,Second Class,2024,Oct,10,2024-10
ORD-00353,2025-07-29,2025-08-02,CUST-1284,P-10344,Consumer,South,Virginia,Furniture,Bookcases,4,174.65,4,0.15,22.54,Credit Card,Second Class,2025,Jul,7,2025-07
ORD-00354,2024-12-03,2024-12-06,CUST-1160,P-10231,Home Office,Central,Illinois,Office Supplies,Paper,3,115.05,8,0.3,-5.04,Cash on Delivery,Standard Class,2024,Dec,12,2024-12
ORD-00355,2024-01-04,2024-01-07,CUST-1236,P-10173,Corporate,East,Ohio,Furniture,Tables,3,81.08,1,0.15,-2.03,Cash on Delivery,First Class,2024,Jan,1,2024-01
ORD-00356,2024-04-07,2024-04-11,CUST-1060,P-10492,Corporate,East,Ohio,Office Supplies,Appliances,4,170.57,3,0.15,2.88,Cash on Delivery,Second Class,2024,Apr,4,2024-04
ORD-00357,2025-10-14,2025-10-18,CUST-1221,P-10501,Home Office,West,Washington,Technology,Accessories,4,114.49,8,0.05,21.27,Cash on Delivery,Same Day,2025,Oct,10,2025-10
ORD-00358,2025-02-19,2025-02-20,CUST-1023,P-10178,Consumer,West,Washington,Furniture,Chairs,1,177.85,3,0.15,23.96,Credit Card,First Class,2025,Feb,2,2025-02
ORD-00359,2024-02-26,2024-02-27,CUST-1174,P-10480,Home Office,South,North Carolina,Furniture,Furnishings,1,122.41,7,0.1,10.05,Credit Card,First Class,2024,Feb,2,2024-02
ORD-00360,2024-06-27,2024-06-28,CUST-1243,P-10115,Home Office,South,Florida,Furniture,Furnishings,1,117.9,1,0.2,11.07,Online,Same Day,2024,Jun,6,2024-06
ORD-00361,2024-02-19,2024-02-22,CUST-1271,P-10389,Home Office,South,Georgia,Office Supplies,Storage,3,160.9,3,0.1,28.99,Online,First Class,2024,Feb,2,2024-02
ORD-00362,2024-10-19,2024-10-22,CUST-1074,P-10359,Home Office,East,New York,Furniture,Furnishings,3,137.14,4,0.1,-1.71,Credit Card,Second Class,2024,Oct,10,2024-10
ORD-00363,2025-06-30,2025-07-05,CUST-1172,P-10475,Consumer,East,New York,Furniture,Chairs,5,378.96,3,0.2,98.53,Cash on Delivery,First Class,2025,Jun,6,2025-06
ORD-00364,2024-03-10,2024-03-13,CUST-1161,P-10065,Consumer,South,Virginia,Furniture,Tables,3,104.78,5,0.25,5.14,Online,First Class,2024,Mar,3,2024-03
ORD-00365,2025-03-09,2025-03-14,CUST-1266,P-10419,Home Office,East,New Jersey,Technology,Machines,5,82.19,8,0.35,3.6,Credit Card,Same Day,2025,Mar,3,2025-03
ORD-00366,2025-07-27,2025-07-29,CUST-1180,P-10432,Corporate,South,Florida,Office Supplies,Appliances,2,153.76,5,0.1,-3.04,Cash on Delivery,Standard Class,2025,Jul,7,2025-07
ORD-00367,2024-11-20,2024-11-25,CUST-1155,P-10109,Consumer,South,Virginia,Technology,Phones,5,101.97,8,0.25,2.17,Online,Same Day,2024,Nov,11,2024-11
ORD-00368,2025-09-04,2025-09-08,CUST-1026,P-10115,Home Office,West,Arizona,Office Supplies,Appliances,4,34.26,6,0.25,-0.2,Online,Same Day,2025,Sep,9,2025-09
ORD-00369,2024-01-26,2024-01-31,CUST-1119,P-10070,Corporate,South,Georgia,Office Supplies,Appliances,5,40.35,5,0.15,11.83,Cash on Delivery,Standard Class,2024,Jan,1,2024-01
ORD-00370,2025-04-30,2025-05-03,CUST-1001,P-10543,Home Office,South,Virginia,Furniture,Tables,3,120.75,7,0.25,0.42,Online,Second Class,2025,Apr,4,2025-04
ORD-00371,2025-01-05,2025-01-10,CUST-1127,P-10496,Consumer,Central,Wisconsin,Office Supplies,Storage,5,159.73,6,0.15,3.51,Cash on Delivery,First Class,2025,Jan,1,2025-01
ORD-00372,2025-06-04,2025-06-09,CUST-1212,P-10203,Corporate,Central,Missouri,Technology,Computers,5,53.48,4,0.0,2.75,Credit Card,Same Day,2025,Jun,6,2025-06
ORD-00373,2024-07-02,2024-07-04,CUST-1109,P-10130,Consumer,Central,Texas,Office Supplies,Paper,2,56.2,2,0.2,-2.04,Credit Card,First Class,2024,Jul,7,2024-07
ORD-00374,2025-01-08,2025-01-13,CUST-1228,P-10328,Consumer,East,New York,Office Supplies,Paper,5,171.33,3,0.0,19.76,Cash on Delivery,First Class,2025,Jan,1,2025-01
ORD-00375,2024-07-10,2024-07-13,CUST-1157,P-10485,Consumer,South,North Carolina,Furniture,Chairs,3,28.3,6,0.0,5.13,Cash on Delivery,Same Day,2024,Jul,7,2024-07
ORD-00376,2024-07-30,2024-08-03,CUST-1166,P-10018,Consumer,Central,Missouri,Technology,Computers,4,112.62,8,0.2,24.83,Cash on Delivery,Standard Class,2024,Jul,7,2024-07
ORD-00377,2024-06-16,2024-06-20,CUST-1047,P-10445,Home Office,Central,Missouri,Technology,Computers,4,86.54,8,0.15,6.12,Online,Second Class,2024,Jun,6,2024-06
ORD-00378,2024-11-15,2024-11-21,CUST-1053,P-10156,Home Office,Central,Texas,Office Supplies,Storage,6,57.94,1,0.3,3.7,Online,Standard Class,2024,Nov,11,2024-11
ORD-00379,2025-09-28,2025-10-01,CUST-1119,P-10359,Home Office,South,North Carolina,Furniture,Tables,3,90.25,8,0.3,-13.32,Online,Standard Class,2025,Sep,9,2025-09
ORD-00380,2024-04-30,2024-05-03,CUST-1185,P-10135,Consumer,South,North Carolina,Office Supplies,Binders,3,48.69,7,0.15,4.29,Credit Card,First Class,2024,Apr,4,2024-04
ORD-00381,2024-05-01,2024-05-05,CUST-1045,P-10323,Corporate,South,Georgia,Office Supplies,Binders,4,26.77,5,0.0,8.56,Cash on Delivery,First Class,2024,May,5,2024-05
ORD-00382,2024-08-26,2024-08-31,CUST-1115,P-10335,Consumer,South,Florida,Office Supplies,Storage,5,149.27,3,0.15,-14.72,Cash on Delivery,Second Class,2024,Aug,8,2024-08
ORD-00383,2025-11-27,2025-11-29,CUST-1208,P-10183,Consumer,West,Oregon,Technology,Accessories,2,128.46,7,0.35,2.14,Credit Card,Same Day,2025,Nov,11,2025-11
ORD-00384,2024-05-14,2024-05-18,CUST-1205,P-10418,Corporate,East,New Jersey,Furniture,Furnishings,4,51.4,5,0.1,4.5,Credit Card,Second Class,2024,May,5,2024-05
ORD-00385,2025-01-11,2025-01-14,CUST-1061,P-10486,Consumer,East,Massachusetts,Technology,Phones,3,50.58,3,0.2,0.91,Credit Card,Second Class,2025,Jan,1,2025-01
ORD-00386,2024-06-05,2024-06-11,CUST-1184,P-10231,Corporate,South,Georgia,Furniture,Furnishings,6,68.33,2,0.2,12.49,Online,Same Day,2024,Jun,6,2024-06
ORD-00387,2025-06-26,2025-06-29,CUST-1292,P-10302,Corporate,South,Florida,Technology,Phones,3,161.89,1,0.35,32.1,Cash on Delivery,Standard Class,2025,Jun,6,2025-06
ORD-00388,2025-10-23,2025-10-28,CUST-1183,P-10245,Home Office,Central,Texas,Office Supplies,Binders,5,79.16,6,0.05,16.25,Credit Card,Same Day,2025,Oct,10,2025-10
ORD-00389,2025-10-16,2025-10-19,CUST-1168,P-10492,Corporate,East,Pennsylvania,Furniture,Tables,3,187.74,3,0.1,-2.4,Cash on Delivery,Second Class,2025,Oct,10,2025-10
ORD-00390,2025-06-22,2025-06-24,CUST-1085,P-10109,Consumer,South,North Carolina,Technology,Computers,2,53.86,5,0.05,14.4,Online,Same Day,2025,Jun,6,2025-06
ORD-00391,2024-01-25,2024-01-28,CUST-1053,P-10033,Corporate,East,Ohio,Furniture,Furnishings,3,48.36,1,0.15,8.97,Online,First Class,2024,Jan,1,2024-01
ORD-00392,2024-06-07,2024-06-08,CUST-1244,P-10308,Home Office,West,Nevada,Office Supplies,Storage,1,116.9,3,0.15,19.64,Online,Second Class,2024,Jun,6,2024-06
ORD-00393,2024-08-11,2024-08-14,CUST-1072,P-10124,Home Office,South,Georgia,Furniture,Tables,3,196.4,7,0.3,-8.56,Credit Card,First Class,2024,Aug,8,2024-08
ORD-00394,2025-02-18,2025-02-24,CUST-1102,P-10223,Consumer,Central,Missouri,Office Supplies,Binders,6,159.55,1,0.35,4.05,Credit Card,First Class,2025,Feb,2,2025-02
ORD-00395,2025-09-07,2025-09-11,CUST-1096,P-10330,Corporate,South,Georgia,Furniture,Furnishings,4,46.56,1,0.35,-3.55,Credit Card,Same Day,2025,Sep,9,2025-09
ORD-00396,2025-01-19,2025-01-22,CUST-1169,P-10099,Corporate,West,Washington,Furniture,Furnishings,3,60.37,8,0.3,2.04,Online,Standard Class,2025,Jan,1,2025-01
ORD-00397,2025-11-21,2025-11-26,CUST-1274,P-10355,Home Office,East,New Jersey,Furniture,Chairs,5,65.75,6,0.3,2.21,Online,First Class,2025,Nov,11,2025-11
ORD-00398,2024-05-16,2024-05-19,CUST-1154,P-10148,Corporate,South,Virginia,Office Supplies,Binders,3,19.77,2,0.3,1.91,Cash on Delivery,Second Class,2024,May,5,2024-05
ORD-00399,2024-02-13,2024-02-15,CUST-1061,P-10457,Corporate,West,Washington,Office Supplies,Binders,2,71.72,8,0.2,-2.48,Cash on Delivery,Second Class,2024,Feb,2,2024-02
ORD-00400,2024-07-20,2024-07-25,CUST-1255,P-10499,Consumer,Central,Minnesota,Furniture,Tables,5,65.22,2,0.2,7.71,Online,First Class,2024,Jul,7,2024-07
ORD-00401,2024-04-25,2024-04-29,CUST-1093,P-10219,Corporate,South,North Carolina,Technology,Accessories,4,60.6,3,0.25,-7.78,Online,Same Day,2024,Apr,4,2024-04
ORD-00402,2025-10-05,2025-10-10,CUST-1227,P-10030,Consumer,East,Pennsylvania,Furniture,Bookcases,5,67.64,7,0.1,8.93,Cash on Delivery,First Class,2025,Oct,10,2025-10
ORD-00403,2024-03-21,2024-03-24,CUST-1108,P-10260,Home Office,East,Pennsylvania,Office Supplies,Paper,3,31.76,7,0.15,0.74,Credit Card,Second Class,2024,Mar,3,2024-03
ORD-00404,2024-02-17,2024-02-23,CUST-1228,P-10399,Consumer,Central,Wisconsin,Office Supplies,Appliances,6,88.05,2,0.1,14.22,Cash on Delivery,Same Day,2024,Feb,2,2024-02
ORD-00405,2024-11-09,2024-11-10,CUST-1216,P-10180,Home Office,East,New Jersey,Technology,Computers,1,207.07,2,0.25,13.5,Credit Card,Second Class,2024,Nov,11,2024-11
ORD-00406,2025-12-02,2025-12-05,CUST-1181,P-10379,Home Office,South,Virginia,Office Supplies,Appliances,3,95.34,4,0.25,2.44,Credit Card,Second Class,2025,Dec,12,2025-12
ORD-00407,2024-11-11,2024-11-17,CUST-1271,P-10225,Corporate,West,Nevada,Office Supplies,Binders,6,121.03,7,0.3,4.72,Online,Same Day,2024,Nov,11,2024-11
ORD-00408,2025-04-02,2025-04-06,CUST-1207,P-10399,Consumer,West,Washington,Technology,Machines,4,86.15,6,0.25,5.33,Cash on Delivery,Standard Class,2025,Apr,4,2025-04
ORD-00409,2024-12-30,2024-12-31,CUST-1019,P-10463,Home Office,West,California,Furniture,Bookcases,1,52.74,1,0.0,7.42,Cash on Delivery,Same Day,2024,Dec,12,2024-12
ORD-00410,2024-07-15,2024-07-21,CUST-1184,P-10352,Consumer,West,Arizona,Office Supplies,Paper,6,42.73,1,0.2,2.64,Cash on Delivery,Same Day,2024,Jul,7,2024-07
ORD-00411,2025-04-26,2025-04-30,CUST-1123,P-10287,Consumer,Central,Wisconsin,Furniture,Tables,4,134.98,4,0.2,3.54,Cash on Delivery,Standard Class,2025,Apr,4,2025-04
ORD-00412,2025-01-15,2025-01-18,CUST-1268,P-10539,Consumer,Central,Illinois,Office Supplies,Appliances,3,35.34,3,0.05,4.83,Online,Second Class,2025,Jan,1,2025-01
ORD-00413,2024-08-24,2024-08-27,CUST-1271,P-10065,Home Office,Central,Illinois,Technology,Phones,3,37.6,6,0.0,7.09,Cash on Delivery,Same Day,2024,Aug,8,2024-08
ORD-00414,2025-02-25,2025-02-27,CUST-1164,P-10205,Home Office,Central,Minnesota,Office Supplies,Storage,2,51.71,3,0.25,6.4,Cash on Delivery,Same Day,2025,Feb,2,2025-02
ORD-00415,2025-07-25,2025-07-28,CUST-1274,P-10550,Corporate,West,Nevada,Office Supplies,Binders,3,57.55,3,0.1,6.95,Online,First Class,2025,Jul,7,2025-07
ORD-00416,2025-12-16,2025-12-20,CUST-1268,P-10208,Consumer,Central,Wisconsin,Technology,Computers,4,445.86,8,0.25,58.25,Credit Card,Second Class,2025,Dec,12,2025-12
ORD-00417,2025-02-26,2025-03-01,CUST-1217,P-10124,Home Office,South,Florida,Office Supplies,Storage,3,86.88,3,0.0,14.51,Credit Card,First Class,2025,Feb,2,2025-02
ORD-00418,2025-10-12,2025-10-15,CUST-1038,P-10000,Home Office,Central,Texas,Office Supplies,Storage,3,92.58,6,0.1,7.26,Credit Card,Same Day,2025,Oct,10,2025-10
ORD-00419,2024-09-22,2024-09-25,CUST-1177,P-10223,Home Office,East,New York,Technology,Accessories,3,36.72,1,0.1,5.81,Online,Same Day,2024,Sep,9,2024-09
ORD-00420,2025-01-05,2025-01-06,CUST-1142,P-10137,Consumer,East,New Jersey,Furniture,Furnishings,1,86.57,3,0.0,13.04,Cash on Delivery,Standard Class,2025,Jan,1,2025-01
ORD-00421,2025-06-09,2025-06-15,CUST-1213,P-10497,Home Office,East,Massachusetts,Furniture,Furnishings,6,254.9,7,0.0,27.96,Online,Second Class,2025,Jun,6,2025-06
ORD-00422,2025-07-01,2025-07-07,CUST-1214,P-10175,Consumer,West,Washington,Technology,Computers,6,42.04,7,0.1,4.84,Online,Same Day,2025,Jul,7,2025-07
ORD-00423,2025-10-21,2025-10-25,CUST-1038,P-10296,Home Office,Central,Missouri,Office Supplies,Appliances,4,64.79,7,0.3,4.79,Credit Card,Standard Class,2025,Oct,10,2025-10
ORD-00424,2024-08-06,2024-08-10,CUST-1160,P-10523,Corporate,Central,Illinois,Office Supplies,Appliances,4,45.08,5,0.3,3.19,Credit Card,First Class,2024,Aug,8,2024-08
ORD-00425,2024-11-26,2024-11-30,CUST-1258,P-10387,Corporate,Central,Wisconsin,Furniture,Chairs,4,97.72,2,0.2,-10.9,Online,Standard Class,2024,Nov,11,2024-11
ORD-00426,2025-01-09,2025-01-12,CUST-1260,P-10433,Home Office,East,Pennsylvania,Furniture,Bookcases,3,73.36,8,0.25,3.47,Online,First Class,2025,Jan,1,2025-01
ORD-00427,2025-01-30,2025-02-03,CUST-1162,P-10448,Consumer,West,Oregon,Technology,Computers,4,186.76,1,0.25,13.63,Online,Same Day,2025,Jan,1,2025-01
ORD-00428,2025-03-07,2025-03-09,CUST-1011,P-10393,Corporate,West,Washington,Office Supplies,Storage,2,101.61,5,0.15,19.1,Cash on Delivery,Standard Class,2025,Mar,3,2025-03
ORD-00429,2024-11-21,2024-11-26,CUST-1010,P-10116,Home Office,West,Nevada,Technology,Accessories,5,142.9,4,0.3,1.21,Credit Card,First Class,2024,Nov,11,2024-11
ORD-00430,2025-02-26,2025-03-03,CUST-1111,P-10379,Consumer,West,Nevada,Furniture,Furnishings,5,49.2,7,0.2,7.93,Credit Card,Second Class,2025,Feb,2,2025-02
ORD-00431,2024-04-29,2024-05-02,CUST-1062,P-10147,Corporate,South,Georgia,Technology,Accessories,3,215.61,6,0.25,6.7,Credit Card,First Class,2024,Apr,4,2024-04
ORD-00432,2025-11-14,2025-11-18,CUST-1187,P-10319,Home Office,East,New York,Furniture,Furnishings,4,16.49,6,0.15,1.52,Credit Card,Second Class,2025,Nov,11,2025-11
ORD-00433,2024-07-04,2024-07-09,CUST-1080,P-10549,Corporate,Central,Illinois,Technology,Computers,5,52.61,3,0.05,5.55,Credit Card,Same Day,2024,Jul,7,2024-07
ORD-00434,2025-06-02,2025-06-05,CUST-1148,P-10484,Home Office,South,Tennessee,Furniture,Bookcases,3,65.37,3,0.2,15.83,Online,Standard Class,2025,Jun,6,2025-06
ORD-00435,2025-08-03,2025-08-07,CUST-1193,P-10506,Corporate,West,Nevada,Furniture,Furnishings,4,69.33,5,0.25,3.76,Online,Second Class,2025,Aug,8,2025-08
ORD-00436,2024-02-12,2024-02-15,CUST-1201,P-10130,Home Office,South,Georgia,Furniture,Tables,3,120.3,2,0.35,-5.07,Credit Card,Second Class,2024,Feb,2,2024-02
ORD-00437,2024-02-16,2024-02-19,CUST-1241,P-10325,Home Office,West,Oregon,Furniture,Bookcases,3,63.76,1,0.3,2.3,Cash on Delivery,Standard Class,2024,Feb,2,2024-02
ORD-00438,2024-01-21,2024-01-25,CUST-1101,P-10417,Consumer,East,Ohio,Office Supplies,Appliances,4,72.9,7,0.3,2.81,Online,Second Class,2024,Jan,1,2024-01
ORD-00439,2024-01-07,2024-01-13,CUST-1240,P-10329,Corporate,South,Georgia,Office Supplies,Appliances,6,105.3,7,0.15,15.67,Credit Card,Same Day,2024,Jan,1,2024-01
ORD-00440,2024-04-20,2024-04-21,CUST-1289,P-10078,Consumer,Central,Wisconsin,Furniture,Furnishings,1,22.33,4,0.35,-1.67,Credit Card,Standard Class,2024,Apr,4,2024-04
ORD-00441,2024-04-18,2024-04-19,CUST-1216,P-10518,Consumer,Central,Minnesota,Office Supplies,Storage,1,118.49,4,0.2,17.68,Online,First Class,2024,Apr,4,2024-04
ORD-00442,2025-06-17,2025-06-23,CUST-1195,P-10235,Corporate,West,California,Technology,Computers,6,183.67,6,0.15,12.45,Credit Card,Same Day,2025,Jun,6,2025-06
ORD-00443,2025-01-13,2025-01-19,CUST-1200,P-10364,Corporate,South,Virginia,Furniture,Bookcases,6,55.74,6,0.05,0.54,Credit Card,Same Day,2025,Jan,1,2025-01
ORD-00444,2025-01-26,2025-01-28,CUST-1284,P-10108,Consumer,South,North Carolina,Office Supplies,Binders,2,96.32,2,0.25,10.33,Credit Card,First Class,2025,Jan,1,2025-01
ORD-00445,2025-02-11,2025-02-12,CUST-1085,P-10235,Corporate,South,North Carolina,Office Supplies,Paper,1,78.12,5,0.0,16.87,Cash on Delivery,First Class,2025,Feb,2,2025-02
ORD-00446,2025-05-25,2025-05-26,CUST-1027,P-10346,Consumer,South,North Carolina,Office Supplies,Binders,1,174.43,2,0.05,46.94,Cash on Delivery,Second Class,2025,May,5,2025-05
ORD-00447,2024-10-18,2024-10-21,CUST-1035,P-10367,Consumer,South,Tennessee,Furniture,Furnishings,3,211.64,1,0.35,-0.11,Online,First Class,2024,Oct,10,2024-10
ORD-00448,2025-11-20,2025-11-24,CUST-1013,P-10225,Corporate,West,California,Office Supplies,Storage,4,76.79,3,0.3,-4.95,Cash on Delivery,Standard Class,2025,Nov,11,2025-11
ORD-00449,2025-06-15,2025-06-18,CUST-1060,P-10499,Corporate,Central,Wisconsin,Office Supplies,Appliances,3,31.8,4,0.05,3.05,Credit Card,First Class,2025,Jun,6,2025-06
ORD-00450,2025-12-04,2025-12-07,CUST-1148,P-10375,Corporate,Central,Texas,Technology,Accessories,3,155.63,2,0.35,10.04,Online,Same Day,2025,Dec,12,2025-12
ORD-00451,2024-09-13,2024-09-15,CUST-1192,P-10123,Corporate,East,New York,Furniture,Furnishings,2,232.41,5,0.1,29.05,Online,Same Day,2024,Sep,9,2024-09
ORD-00452,2025-03-23,2025-03-28,CUST-1251,P-10539,Consumer,East,Ohio,Furniture,Chairs,5,112.19,6,0.35,-7.79,Cash on Delivery,Standard Class,2025,Mar,3,2025-03
ORD-00453,2025-11-02,2025-11-05,CUST-1050,P-10466,Corporate,Central,Texas,Furniture,Chairs,3,79.34,1,0.0,11.74,Online,Same Day,2025,Nov,11,2025-11
ORD-00454,2024-04-01,2024-04-06,CUST-1097,P-10311,Consumer,West,Nevada,Furniture,Chairs,5,69.07,5,0.3,-6.27,Online,Standard Class,2024,Apr,4,2024-04
ORD-00455,2025-11-04,2025-11-10,CUST-1032,P-10493,Home Office,South,Tennessee,Furniture,Bookcases,6,125.94,4,0.25,1.42,Cash on Delivery,First Class,2025,Nov,11,2025-11
ORD-00456,2025-11-22,2025-11-26,CUST-1199,P-10059,Home Office,West,Oregon,Furniture,Furnishings,4,157.41,1,0.2,13.56,Cash on Delivery,Same Day,2025,Nov,11,2025-11
ORD-00457,2024-10-28,2024-10-30,CUST-1029,P-10490,Corporate,West,California,Technology,Phones,2,111.27,7,0.1,21.14,Online,Standard Class,2024,Oct,10,2024-10
ORD-00458,2025-03-30,2025-04-03,CUST-1131,P-10375,Home Office,Central,Wisconsin,Office Supplies,Binders,4,78.67,2,0.05,15.14,Online,First Class,2025,Mar,3,2025-03
ORD-00459,2025-07-12,2025-07-17,CUST-1189,P-10201,Home Office,East,Massachusetts,Office Supplies,Paper,5,47.75,5,0.15,9.9,Online,Standard Class,2025,Jul,7,2025-07
ORD-00460,2024-04-22,2024-04-24,CUST-1246,P-10142,Corporate,East,New Jersey,Furniture,Tables,2,75.31,1,0.35,8.63,Cash on Delivery,Second Class,2024,Apr,4,2024-04
ORD-00461,2024-11-25,2024-12-01,CUST-1246,P-10070,Consumer,West,Oregon,Office Supplies,Binders,6,43.92,3,0.15,0.78,Cash on Delivery,Second Class,2024,Nov,11,2024-11
ORD-00462,2024-12-18,2024-12-21,CUST-1073,P-10121,Consumer,Central,Wisconsin,Technology,Computers,3,266.72,4,0.25,18.32,Online,First Class,2024,Dec,12,2024-12
ORD-00463,2025-02-25,2025-02-27,CUST-1052,P-10250,Home Office,South,North Carolina,Office Supplies,Storage,2,131.45,1,0.05,21.16,Credit Card,First Class,2025,Feb,2,2025-02
ORD-00464,2024-04-28,2024-05-01,CUST-1174,P-10240,Home Office,South,North Carolina,Technology,Accessories,3,144.86,3,0.05,17.18,Cash on Delivery,First Class,2024,Apr,4,2024-04
ORD-00465,2025-10-09,2025-10-11,CUST-1173,P-10072,Corporate,Central,Minnesota,Furniture,Chairs,2,51.27,4,0.1,12.69,Online,First Class,2025,Oct,10,2025-10
ORD-00466,2025-03-08,2025-03-12,CUST-1243,P-10529,Home Office,West,Nevada,Technology,Computers,4,19.06,5,0.15,-0.98,Credit Card,Standard Class,2025,Mar,3,2025-03
ORD-00467,2025-10-22,2025-10-26,CUST-1146,P-10183,Home Office,South,Georgia,Technology,Computers,4,24.52,7,0.25,4.1,Cash on Delivery,Same Day,2025,Oct,10,2025-10
ORD-00468,2025-03-04,2025-03-07,CUST-1169,P-10189,Corporate,Central,Wisconsin,Technology,Accessories,3,189.38,4,0.15,30.55,Online,Same Day,2025,Mar,3,2025-03
ORD-00469,2025-03-07,2025-03-09,CUST-1229,P-10534,Consumer,South,Georgia,Technology,Phones,2,18.77,6,0.1,3.26,Cash on Delivery,Same Day,2025,Mar,3,2025-03
ORD-00470,2024-06-01,2024-06-03,CUST-1166,P-10216,Corporate,East,Pennsylvania,Furniture,Bookcases,2,108.23,6,0.05,16.23,Cash on Delivery,Same Day,2024,Jun,6,2024-06
ORD-00471,2024-01-19,2024-01-22,CUST-1111,P-10247,Consumer,Central,Minnesota,Furniture,Chairs,3,207.98,2,0.25,-0.61,Online,Standard Class,2024,Jan,1,2024-01
ORD-00472,2025-01-20,2025-01-25,CUST-1248,P-10016,Consumer,Central,Wisconsin,Office Supplies,Storage,5,46.85,8,0.3,1.53,Credit Card,Second Class,2025,Jan,1,2025-01
ORD-00473,2025-11-19,2025-11-22,CUST-1248,P-10125,Corporate,East,New York,Furniture,Chairs,3,202.12,6,0.2,-24.98,Cash on Delivery,Second Class,2025,Nov,11,2025-11
ORD-00474,2025-07-18,2025-07-21,CUST-1159,P-10073,Home Office,West,Nevada,Furniture,Tables,3,75.15,1,0.25,1.26,Cash on Delivery,First Class,2025,Jul,7,2025-07
ORD-00475,2025-08-29,2025-09-01,CUST-1214,P-10063,Consumer,East,New Jersey,Furniture,Bookcases,3,34.0,8,0.05,4.5,Credit Card,First Class,2025,Aug,8,2025-08
ORD-00476,2024-03-09,2024-03-12,CUST-1056,P-10148,Consumer,West,Arizona,Furniture,Bookcases,3,89.65,7,0.1,15.24,Online,Standard Class,2024,Mar,3,2024-03
ORD-00477,2024-03-16,2024-03-19,CUST-1262,P-10491,Consumer,East,New York,Office Supplies,Appliances,3,40.71,6,0.2,6.39,Cash on Delivery,First Class,2024,Mar,3,2024-03
ORD-00478,2024-02-21,2024-02-25,CUST-1152,P-10199,Consumer,South,Florida,Office Supplies,Binders,4,90.33,8,0.1,7.74,Cash on Delivery,Same Day,2024,Feb,2,2024-02
ORD-00479,2024-08-12,2024-08-16,CUST-1063,P-10436,Consumer,South,Florida,Technology,Machines,4,86.09,8,0.3,-5.73,Cash on Delivery,Same Day,2024,Aug,8,2024-08
ORD-00480,2025-05-12,2025-05-17,CUST-1148,P-10201,Corporate,West,Nevada,Technology,Accessories,5,30.18,2,0.1,7.97,Credit Card,First Class,2025,May,5,2025-05
ORD-00481,2024-08-06,2024-08-10,CUST-1295,P-10519,Consumer,Central,Texas,Office Supplies,Storage,4,76.61,2,0.05,3.23,Credit Card,Second Class,2024,Aug,8,2024-08
ORD-00482,2024-07-03,2024-07-08,CUST-1116,P-10176,Consumer,West,Oregon,Furniture,Chairs,5,36.82,5,0.15,-2.77,Online,Standard Class,2024,Jul,7,2024-07
ORD-00483,2025-04-08,2025-04-12,CUST-1158,P-10380,Consumer,South,North Carolina,Technology,Machines,4,110.84,6,0.15,1.79,Credit Card,Standard Class,2025,Apr,4,2025-04
ORD-00484,2024-12-10,2024-12-13,CUST-1150,P-10138,Corporate,West,Arizona,Technology,Accessories,3,68.25,5,0.2,9.31,Cash on Delivery,Standard Class,2024,Dec,12,2024-12
ORD-00485,2025-02-07,2025-02-10,CUST-1095,P-10485,Consumer,South,Virginia,Furniture,Chairs,3,262.92,4,0.05,55.44,Online,Standard Class,2025,Feb,2,2025-02
ORD-00486,2024-07-21,2024-07-25,CUST-1081,P-10270,Home Office,South,Virginia,Office Supplies,Paper,4,158.36,6,0.0,10.12,Online,First Class,2024,Jul,7,2024-07
ORD-00487,2024-04-16,2024-04-19,CUST-1044,P-10263,Home Office,South,Florida,Furniture,Bookcases,3,107.87,7,0.35,-7.7,Credit Card,Second Class,2024,Apr,4,2024-04
ORD-00488,2024-07-18,2024-07-21,CUST-1162,P-10446,Corporate,West,California,Technology,Accessories,3,59.22,4,0.3,2.29,Credit Card,Second Class,2024,Jul,7,2024-07
ORD-00489,2025-12-31,2026-01-04,CUST-1071,P-10134,Home Office,South,Tennessee,Technology,Phones,4,76.69,7,0.05,21.88,Online,Standard Class,2025,Dec,12,2025-12
ORD-00490,2025-06-17,2025-06-20,CUST-1119,P-10252,Consumer,Central,Wisconsin,Furniture,Bookcases,3,81.14,5,0.35,3.34,Credit Card,First Class,2025,Jun,6,2025-06
ORD-00491,2025-10-12,2025-10-18,CUST-1273,P-10332,Corporate,Central,Texas,Technology,Computers,6,131.38,8,0.35,23.86,Cash on Delivery,First Class,2025,Oct,10,2025-10
ORD-00492,2025-11-06,2025-11-11,CUST-1135,P-10256,Consumer,South,Georgia,Office Supplies,Paper,5,79.64,5,0.35,-3.51,Online,Same Day,2025,Nov,11,2025-11
ORD-00493,2025-02-20,2025-02-22,CUST-1100,P-10133,Home Office,Central,Texas,Technology,Phones,2,54.41,4,0.1,15.11,Cash on Delivery,Same Day,2025,Feb,2,2025-02
ORD-00494,2025-03-20,2025-03-23,CUST-1070,P-10101,Consumer,Central,Minnesota,Furniture,Tables,3,96.9,6,0.05,9.89,Online,Same Day,2025,Mar,3,2025-03
ORD-00495,2025-08-16,2025-08-21,CUST-1239,P-10384,Corporate,Central,Illinois,Furniture,Chairs,5,99.53,8,0.15,3.1,Credit Card,Second Class,2025,Aug,8,2025-08
ORD-00496,2024-07-21,2024-07-25,CUST-1137,P-10402,Corporate,South,Tennessee,Technology,Accessories,4,25.51,5,0.3,1.8,Cash on Delivery,Second Class,2024,Jul,7,2024-07
ORD-00497,2025-09-25,2025-09-30,CUST-1227,P-10262,Consumer,West,California,Technology,Computers,5,74.23,1,0.0,12.6,Online,Standard Class,2025,Sep,9,2025-09
ORD-00498,2024-08-27,2024-08-31,CUST-1291,P-10134,Corporate,South,Tennessee,Furniture,Furnishings,4,95.67,1,0.3,2.83,Cash on Delivery,Same Day,2024,Aug,8,2024-08
ORD-00499,2025-07-06,2025-07-08,CUST-1231,P-10226,Home Office,West,Nevada,Furniture,Tables,2,34.54,1,0.1,3.53,Cash on Delivery,Second Class,2025,Jul,7,2025-07
ORD-00500,2025-05-18,2025-05-21,CUST-1115,P-10516,Corporate,West,Nevada,Office Supplies,Storage,3,18.55,6,0.1,6.94,Cash on Delivery,Second Class,2025,May,5,2025-05
ORD-00501,2024-07-28,2024-08-01,CUST-1043,P-10041,Consumer,East,Pennsylvania,Furniture,Tables,4,125.71,7,0.0,19.56,Cash on Delivery,Standard Class,2024,Jul,7,2024-07
ORD-00502,2024-06-17,2024-06-20,CUST-1230,P-10330,Corporate,South,North Carolina,Office Supplies,Paper,3,303.1,2,0.25,26.14,Online,Same Day,2024,Jun,6,2024-06
ORD-00503,2025-08-08,2025-08-11,CUST-1106,P-10032,Home Office,East,New York,Office Supplies,Binders,3,105.96,5,0.05,22.61,Online,Second Class,2025,Aug,8,2025-08
ORD-00504,2025-01-24,2025-01-26,CUST-1296,P-10499,Corporate,East,New York,Technology,Computers,2,146.55,1,0.2,-0.61,Credit Card,First Class,2025,Jan,1,2025-01
ORD-00505,2024-03-06,2024-03-10,CUST-1175,P-10176,Home Office,South,Georgia,Office Supplies,Paper,4,251.6,1,0.35,2.37,Online,First Class,2024,Mar,3,2024-03
ORD-00506,2024-03-28,2024-03-31,CUST-1253,P-10341,Home Office,Central,Illinois,Office Supplies,Paper,3,33.0,6,0.0,12.17,Credit Card,Standard Class,2024,Mar,3,2024-03
ORD-00507,2025-06-26,2025-07-02,CUST-1039,P-10533,Corporate,West,Oregon,Office Supplies,Paper,6,25.07,4,0.35,0.53,Online,First Class,2025,Jun,6,2025-06
ORD-00508,2025-12-25,2025-12-27,CUST-1200,P-10162,Home Office,West,Washington,Office Supplies,Storage,2,74.02,1,0.2,10.31,Credit Card,Second Class,2025,Dec,12,2025-12
ORD-00509,2024-03-31,2024-04-05,CUST-1282,P-10156,Consumer,Central,Wisconsin,Technology,Machines,5,101.53,2,0.35,9.22,Credit Card,Same Day,2024,Mar,3,2024-03
ORD-00510,2025-09-13,2025-09-16,CUST-1148,P-10124,Home Office,South,Georgia,Technology,Phones,3,190.49,7,0.05,36.13,Cash on Delivery,Second Class,2025,Sep,9,2025-09
ORD-00511,2025-04-12,2025-04-13,CUST-1219,P-10406,Home Office,South,Florida,Technology,Computers,1,44.69,7,0.05,4.62,Online,Same Day,2025,Apr,4,2025-04
ORD-00512,2024-11-13,2024-11-17,CUST-1170,P-10132,Corporate,East,Massachusetts,Technology,Machines,4,80.85,6,0.0,20.39,Credit Card,Same Day,2024,Nov,11,2024-11
ORD-00513,2025-07-04,2025-07-10,CUST-1061,P-10439,Corporate,South,Georgia,Office Supplies,Paper,6,120.75,2,0.0,15.3,Credit Card,Second Class,2025,Jul,7,2025-07
ORD-00514,2024-11-19,2024-11-22,CUST-1178,P-10526,Corporate,South,Georgia,Office Supplies,Paper,3,55.5,7,0.2,0.93,Online,Standard Class,2024,Nov,11,2024-11
ORD-00515,2025-05-05,2025-05-06,CUST-1040,P-10312,Consumer,West,Nevada,Furniture,Tables,1,257.23,5,0.25,56.69,Credit Card,Standard Class,2025,May,5,2025-05
ORD-00516,2024-02-27,2024-03-04,CUST-1175,P-10139,Home Office,Central,Texas,Furniture,Tables,6,50.9,3,0.1,-5.25,Online,Same Day,2024,Feb,2,2024-02
ORD-00517,2024-09-02,2024-09-04,CUST-1202,P-10083,Corporate,West,Oregon,Technology,Computers,2,72.43,1,0.15,5.17,Credit Card,First Class,2024,Sep,9,2024-09
ORD-00518,2025-04-09,2025-04-10,CUST-1048,P-10042,Home Office,Central,Texas,Furniture,Chairs,1,65.47,1,0.3,2.26,Credit Card,Same Day,2025,Apr,4,2025-04
ORD-00519,2025-04-25,2025-04-27,CUST-1154,P-10394,Consumer,East,Massachusetts,Furniture,Bookcases,2,87.17,5,0.25,11.4,Cash on Delivery,Second Class,2025,Apr,4,2025-04
ORD-00520,2024-05-14,2024-05-16,CUST-1229,P-10419,Corporate,Central,Illinois,Office Supplies,Paper,2,89.78,6,0.0,12.16,Credit Card,First Class,2024,May,5,2024-05
ORD-00521,2024-02-29,2024-03-04,CUST-1210,P-10394,Corporate,South,Tennessee,Office Supplies,Storage,4,244.59,5,0.0,84.27,Cash on Delivery,Second Class,2024,Feb,2,2024-02
ORD-00522,2025-07-15,2025-07-17,CUST-1176,P-10124,Corporate,East,New Jersey,Furniture,Bookcases,2,61.89,4,0.15,7.32,Credit Card,First Class,2025,Jul,7,2025-07
ORD-00523,2024-06-27,2024-06-30,CUST-1283,P-10297,Corporate,Central,Texas,Furniture,Tables,3,49.17,1,0.05,8.07,Cash on Delivery,Second Class,2024,Jun,6,2024-06
ORD-00524,2024-01-30,2024-02-03,CUST-1093,P-10019,Home Office,West,California,Office Supplies,Binders,4,45.32,1,0.25,2.27,Cash on Delivery,First Class,2024,Jan,1,2024-01
ORD-00525,2024-06-21,2024-06-27,CUST-1201,P-10549,Corporate,Central,Minnesota,Technology,Machines,6,86.98,7,0.15,8.47,Online,Standard Class,2024,Jun,6,2024-06
ORD-00526,2025-01-28,2025-02-01,CUST-1196,P-10481,Corporate,Central,Minnesota,Technology,Accessories,4,72.11,8,0.2,12.26,Online,Second Class,2025,Jan,1,2025-01
ORD-00527,2025-02-26,2025-03-03,CUST-1061,P-10530,Corporate,East,Pennsylvania,Office Supplies,Storage,5,85.88,8,0.3,9.5,Online,First Class,2025,Feb,2,2025-02
ORD-00528,2024-10-05,2024-10-09,CUST-1009,P-10237,Home Office,East,New York,Technology,Accessories,4,108.03,2,0.05,4.5,Cash on Delivery,Second Class,2024,Oct,10,2024-10
ORD-00529,2024-08-04,2024-08-05,CUST-1275,P-10115,Home Office,Central,Illinois,Office Supplies,Paper,1,102.15,8,0.05,1.41,Credit Card,Standard Class,2024,Aug,8,2024-08
ORD-00530,2025-11-04,2025-11-10,CUST-1043,P-10134,Corporate,East,New Jersey,Technology,Machines,6,368.0,2,0.15,26.03,Credit Card,Same Day,2025,Nov,11,2025-11
ORD-00531,2024-06-10,2024-06-14,CUST-1257,P-10432,Consumer,West,Nevada,Technology,Phones,4,52.88,4,0.25,5.06,Credit Card,Second Class,2024,Jun,6,2024-06
ORD-00532,2024-07-25,2024-07-29,CUST-1012,P-10078,Home Office,South,North Carolina,Technology,Computers,4,17.49,1,0.1,4.75,Online,First Class,2024,Jul,7,2024-07
ORD-00533,2025-02-01,2025-02-06,CUST-1095,P-10053,Corporate,West,California,Technology,Accessories,5,42.17,1,0.35,6.98,Online,Same Day,2025,Feb,2,2025-02
ORD-00534,2024-11-10,2024-11-14,CUST-1146,P-10165,Home Office,West,Washington,Technology,Computers,4,80.57,4,0.2,5.22,Cash on Delivery,Second Class,2024,Nov,11,2024-11
ORD-00535,2024-02-25,2024-03-02,CUST-1155,P-10354,Consumer,South,Virginia,Furniture,Bookcases,6,59.9,4,0.1,4.97,Credit Card,Standard Class,2024,Feb,2,2024-02
ORD-00536,2024-12-09,2024-12-14,CUST-1152,P-10511,Consumer,East,Ohio,Furniture,Chairs,5,18.26,4,0.25,0.74,Credit Card,Standard Class,2024,Dec,12,2024-12
ORD-00537,2024-05-17,2024-05-22,CUST-1217,P-10214,Home Office,Central,Minnesota,Furniture,Tables,5,46.63,3,0.3,1.31,Cash on Delivery,Standard Class,2024,May,5,2024-05
ORD-00538,2025-02-06,2025-02-10,CUST-1062,P-10438,Home Office,East,Ohio,Technology,Phones,4,142.91,7,0.05,14.78,Online,Second Class,2025,Feb,2,2025-02
ORD-00539,2024-10-13,2024-10-18,CUST-1003,P-10127,Corporate,South,Georgia,Technology,Accessories,5,87.22,8,0.05,13.7,Online,Second Class,2024,Oct,10,2024-10
ORD-00540,2025-07-14,2025-07-17,CUST-1282,P-10290,Corporate,West,California,Office Supplies,Storage,3,87.28,7,0.35,8.31,Cash on Delivery,Standard Class,2025,Jul,7,2025-07
ORD-00541,2024-04-17,2024-04-19,CUST-1007,P-10374,Consumer,West,Washington,Furniture,Chairs,2,61.84,3,0.25,1.31,Online,Second Class,2024,Apr,4,2024-04
ORD-00542,2024-02-28,2024-03-04,CUST-1034,P-10354,Consumer,Central,Wisconsin,Technology,Accessories,5,35.66,3,0.25,-0.27,Cash on Delivery,Standard Class,2024,Feb,2,2024-02
ORD-00543,2025-11-11,2025-11-13,CUST-1262,P-10115,Home Office,East,Ohio,Office Supplies,Appliances,2,206.09,8,0.2,4.85,Cash on Delivery,Standard Class,2025,Nov,11,2025-11
ORD-00544,2025-11-21,2025-11-25,CUST-1236,P-10490,Consumer,Central,Wisconsin,Technology,Phones,4,147.35,5,0.3,16.61,Credit Card,Standard Class,2025,Nov,11,2025-11
ORD-00545,2024-04-06,2024-04-09,CUST-1195,P-10204,Home Office,East,New Jersey,Office Supplies,Paper,3,69.88,5,0.0,14.03,Credit Card,Second Class,2024,Apr,4,2024-04
ORD-00546,2025-04-28,2025-04-30,CUST-1266,P-10337,Consumer,East,New York,Office Supplies,Storage,2,71.77,5,0.0,21.22,Online,Same Day,2025,Apr,4,2025-04
ORD-00547,2024-10-11,2024-10-14,CUST-1184,P-10453,Corporate,East,New York,Furniture,Chairs,3,50.45,8,0.35,-0.32,Cash on Delivery,First Class,2024,Oct,10,2024-10
ORD-00548,2024-10-05,2024-10-10,CUST-1086,P-10109,Corporate,West,Oregon,Technology,Computers,5,212.68,1,0.1,32.0,Credit Card,Second Class,2024,Oct,10,2024-10
ORD-00549,2025-05-17,2025-05-19,CUST-1156,P-10475,Home Office,South,Virginia,Furniture,Furnishings,2,25.25,3,0.05,4.07,Online,Standard Class,2025,May,5,2025-05
ORD-00550,2024-04-25,2024-04-29,CUST-1184,P-10007,Consumer,South,Georgia,Technology,Phones,4,41.66,4,0.15,3.97,Online,Same Day,2024,Apr,4,2024-04
ORD-00551,2025-10-14,2025-10-18,CUST-1219,P-10011,Consumer,East,Pennsylvania,Office Supplies,Storage,4,158.87,1,0.25,-5.05,Online,Same Day,2025,Oct,10,2025-10
ORD-00552,2024-02-07,2024-02-10,CUST-1114,P-10336,Home Office,East,Massachusetts,Furniture,Tables,3,98.56,4,0.35,-11.0,Online,Same Day,2024,Feb,2,2024-02
ORD-00553,2025-07-27,2025-07-30,CUST-1241,P-10546,Corporate,East,Massachusetts,Office Supplies,Paper,3,137.38,4,0.25,22.33,Cash on Delivery,First Class,2025,Jul,7,2025-07
ORD-00554,2024-01-29,2024-02-02,CUST-1198,P-10443,Home Office,South,Virginia,Office Supplies,Binders,4,228.99,7,0.25,22.87,Online,Second Class,2024,Jan,1,2024-01
ORD-00555,2024-04-03,2024-04-07,CUST-1286,P-10181,Corporate,South,North Carolina,Technology,Phones,4,78.44,3,0.35,5.58,Online,First Class,2024,Apr,4,2024-04
ORD-00556,2025-12-25,2025-12-29,CUST-1249,P-10295,Consumer,Central,Missouri,Furniture,Furnishings,4,100.76,2,0.35,-6.01,Online,Standard Class,2025,Dec,12,2025-12
ORD-00557,2025-07-14,2025-07-17,CUST-1237,P-10224,Corporate,South,Florida,Furniture,Bookcases,3,120.35,1,0.35,4.22,Online,Standard Class,2025,Jul,7,2025-07
ORD-00558,2024-11-08,2024-11-12,CUST-1243,P-10248,Home Office,West,Nevada,Technology,Phones,4,254.28,3,0.0,21.73,Credit Card,Same Day,2024,Nov,11,2024-11
ORD-00559,2025-02-13,2025-02-16,CUST-1251,P-10133,Home Office,West,Arizona,Technology,Computers,3,207.78,6,0.2,31.17,Online,Standard Class,2025,Feb,2,2025-02
ORD-00560,2025-02-01,2025-02-06,CUST-1212,P-10147,Consumer,West,Nevada,Furniture,Tables,5,233.98,5,0.1,31.28,Cash on Delivery,Standard Class,2025,Feb,2,2025-02
ORD-00561,2025-10-19,2025-10-23,CUST-1241,P-10431,Home Office,East,New York,Office Supplies,Paper,4,46.43,2,0.15,3.55,Online,Standard Class,2025,Oct,10,2025-10
ORD-00562,2025-10-10,2025-10-15,CUST-1137,P-10008,Consumer,Central,Minnesota,Office Supplies,Paper,5,24.54,2,0.1,1.23,Credit Card,Same Day,2025,Oct,10,2025-10
ORD-00563,2024-06-22,2024-06-28,CUST-1212,P-10013,Corporate,Central,Missouri,Technology,Computers,6,105.38,1,0.3,11.49,Cash on Delivery,Same Day,2024,Jun,6,2024-06
ORD-00564,2025-12-25,2025-12-26,CUST-1178,P-10365,Consumer,Central,Wisconsin,Technology,Accessories,1,29.75,4,0.25,0.03,Cash on Delivery,Second Class,2025,Dec,12,2025-12
ORD-00565,2024-09-05,2024-09-09,CUST-1204,P-10544,Consumer,South,Florida,Furniture,Chairs,4,118.85,8,0.05,-1.71,Credit Card,Second Class,2024,Sep,9,2024-09
ORD-00566,2024-01-02,2024-01-07,CUST-1195,P-10232,Corporate,South,Tennessee,Office Supplies,Binders,5,16.72,5,0.3,-2.35,Online,Same Day,2024,Jan,1,2024-01
ORD-00567,2025-01-04,2025-01-09,CUST-1220,P-10010,Corporate,East,New Jersey,Technology,Accessories,5,106.75,1,0.2,8.21,Credit Card,Same Day,2025,Jan,1,2025-01
ORD-00568,2024-05-07,2024-05-12,CUST-1228,P-10535,Consumer,Central,Illinois,Office Supplies,Paper,5,145.06,1,0.05,19.56,Online,First Class,2024,May,5,2024-05
ORD-00569,2024-05-08,2024-05-13,CUST-1169,P-10040,Home Office,Central,Wisconsin,Technology,Machines,5,36.19,3,0.35,5.98,Credit Card,First Class,2024,May,5,2024-05
ORD-00570,2024-02-02,2024-02-08,CUST-1249,P-10218,Consumer,Central,Illinois,Furniture,Bookcases,6,51.54,4,0.2,-0.06,Online,Second Class,2024,Feb,2,2024-02
ORD-00571,2024-05-26,2024-05-29,CUST-1166,P-10433,Consumer,Central,Wisconsin,Office Supplies,Binders,3,113.6,7,0.2,12.66,Cash on Delivery,First Class,2024,May,5,2024-05
ORD-00572,2024-06-06,2024-06-10,CUST-1055,P-10010,Corporate,Central,Minnesota,Technology,Accessories,4,138.03,2,0.0,31.98,Cash on Delivery,First Class,2024,Jun,6,2024-06
ORD-00573,2024-06-26,2024-06-30,CUST-1120,P-10140,Corporate,Central,Missouri,Furniture,Bookcases,4,270.07,7,0.3,8.55,Cash on Delivery,Standard Class,2024,Jun,6,2024-06
ORD-00574,2024-11-20,2024-11-24,CUST-1086,P-10307,Consumer,East,Ohio,Office Supplies,Binders,4,78.74,4,0.0,12.13,Online,Second Class,2024,Nov,11,2024-11
ORD-00575,2025-01-08,2025-01-10,CUST-1092,P-10335,Home Office,Central,Minnesota,Furniture,Furnishings,2,29.25,3,0.35,0.31,Online,First Class,2025,Jan,1,2025-01
ORD-00576,2025-01-16,2025-01-18,CUST-1207,P-10475,Corporate,Central,Illinois,Furniture,Tables,2,148.19,4,0.15,14.97,Online,First Class,2025,Jan,1,2025-01
ORD-00577,2025-02-02,2025-02-06,CUST-1267,P-10143,Consumer,West,Oregon,Office Supplies,Storage,4,66.63,6,0.3,1.91,Cash on Delivery,Standard Class,2025,Feb,2,2025-02
ORD-00578,2025-09-10,2025-09-13,CUST-1205,P-10037,Consumer,Central,Missouri,Technology,Computers,3,198.13,4,0.05,45.87,Credit Card,Standard Class,2025,Sep,9,2025-09
ORD-00579,2024-05-12,2024-05-17,CUST-1058,P-10333,Consumer,South,Florida,Furniture,Furnishings,5,21.31,3,0.15,1.7,Credit Card,First Class,2024,May,5,2024-05
ORD-00580,2024-03-19,2024-03-21,CUST-1236,P-10429,Consumer,West,Oregon,Furniture,Chairs,2,92.78,7,0.0,-5.69,Credit Card,Standard Class,2024,Mar,3,2024-03
ORD-00581,2025-02-16,2025-02-19,CUST-1152,P-10319,Home Office,Central,Texas,Office Supplies,Storage,3,53.02,4,0.15,12.86,Credit Card,Second Class,2025,Feb,2,2025-02
ORD-00582,2025-03-09,2025-03-13,CUST-1283,P-10468,Consumer,West,Arizona,Technology,Phones,4,72.35,6,0.25,6.92,Cash on Delivery,Standard Class,2025,Mar,3,2025-03
ORD-00583,2024-07-26,2024-07-31,CUST-1048,P-10102,Consumer,East,Pennsylvania,Office Supplies,Binders,5,21.8,5,0.15,1.72,Credit Card,Second Class,2024,Jul,7,2024-07
ORD-00584,2025-03-16,2025-03-20,CUST-1126,P-10351,Corporate,East,New Jersey,Furniture,Tables,4,20.65,2,0.05,1.65,Online,Standard Class,2025,Mar,3,2025-03
ORD-00585,2025-08-01,2025-08-06,CUST-1039,P-10457,Corporate,West,Washington,Technology,Computers,5,97.61,3,0.35,16.24,Online,Same Day,2025,Aug,8,2025-08
ORD-00586,2024-06-18,2024-06-23,CUST-1099,P-10249,Home Office,East,Ohio,Furniture,Tables,5,29.99,3,0.15,3.12,Cash on Delivery,Second Class,2024,Jun,6,2024-06
ORD-00587,2025-04-27,2025-04-30,CUST-1179,P-10119,Corporate,Central,Texas,Technology,Computers,3,40.11,4,0.3,0.04,Online,First Class,2025,Apr,4,2025-04
ORD-00588,2024-05-05,2024-05-09,CUST-1103,P-10535,Home Office,South,North Carolina,Furniture,Furnishings,4,55.12,5,0.05,12.57,Credit Card,Second Class,2024,May,5,2024-05
ORD-00589,2025-03-15,2025-03-18,CUST-1021,P-10468,Consumer,West,Arizona,Office Supplies,Appliances,3,311.5,6,0.05,28.98,Online,First Class,2025,Mar,3,2025-03
ORD-00590,2025-09-15,2025-09-19,CUST-1132,P-10438,Corporate,South,North Carolina,Office Supplies,Binders,4,27.79,8,0.25,-1.51,Credit Card,First Class,2025,Sep,9,2025-09
ORD-00591,2024-06-05,2024-06-11,CUST-1093,P-10260,Consumer,South,North Carolina,Office Supplies,Storage,6,223.59,5,0.05,28.27,Online,Standard Class,2024,Jun,6,2024-06
ORD-00592,2025-12-14,2025-12-18,CUST-1279,P-10353,Consumer,South,Virginia,Furniture,Chairs,4,26.38,8,0.2,-0.62,Cash on Delivery,Same Day,2025,Dec,12,2025-12
ORD-00593,2025-01-26,2025-01-30,CUST-1116,P-10191,Consumer,East,New Jersey,Office Supplies,Appliances,4,77.66,8,0.2,16.88,Credit Card,Same Day,2025,Jan,1,2025-01
ORD-00594,2024-12-14,2024-12-15,CUST-1011,P-10356,Corporate,West,Washington,Office Supplies,Appliances,1,87.92,6,0.25,4.58,Credit Card,Same Day,2024,Dec,12,2024-12
ORD-00595,2024-03-17,2024-03-19,CUST-1189,P-10169,Consumer,East,New Jersey,Technology,Machines,2,55.98,3,0.25,2.68,Credit Card,Second Class,2024,Mar,3,2024-03
ORD-00596,2025-07-22,2025-07-24,CUST-1269,P-10192,Corporate,West,Arizona,Furniture,Furnishings,2,54.16,6,0.0,16.97,Online,Standard Class,2025,Jul,7,2025-07
ORD-00597,2024-07-01,2024-07-02,CUST-1066,P-10310,Corporate,South,Virginia,Furniture,Chairs,1,111.02,7,0.2,6.43,Credit Card,Second Class,2024,Jul,7,2024-07
ORD-00598,2024-07-04,2024-07-08,CUST-1197,P-10047,Home Office,West,Nevada,Office Supplies,Appliances,4,63.14,1,0.1,15.07,Online,Second Class,2024,Jul,7,2024-07
ORD-00599,2025-06-14,2025-06-16,CUST-1130,P-10240,Consumer,South,North Carolina,Office Supplies,Binders,2,57.19,3,0.2,0.49,Credit Card,Standard Class,2025,Jun,6,2025-06
ORD-00600,2024-05-10,2024-05-13,CUST-1077,P-10542,Consumer,East,Pennsylvania,Office Supplies,Storage,3,43.83,4,0.15,1.7,Online,Second Class,2024,May,5,2024-05
ORD-00601,2025-08-15,2025-08-19,CUST-1192,P-10228,Consumer,East,Pennsylvania,Technology,Phones,4,177.77,4,0.0,37.99,Online,First Class,2025,Aug,8,2025-08
ORD-00602,2024-12-04,2024-12-05,CUST-1092,P-10048,Corporate,West,California,Technology,Machines,1,30.16,4,0.05,3.8,Online,Same Day,2024,Dec,12,2024-12
ORD-00603,2025-02-16,2025-02-19,CUST-1041,P-10002,Corporate,West,Oregon,Furniture,Bookcases,3,64.77,7,0.3,11.72,Online,Standard Class,2025,Feb,2,2025-02
ORD-00604,2024-07-19,2024-07-23,CUST-1048,P-10336,Consumer,West,California,Furniture,Furnishings,4,70.33,5,0.05,0.71,Credit Card,Same Day,2024,Jul,7,2024-07
ORD-00605,2024-02-16,2024-02-22,CUST-1157,P-10188,Home Office,Central,Illinois,Furniture,Tables,6,266.7,7,0.35,0.06,Cash on Delivery,Same Day,2024,Feb,2,2024-02
ORD-00606,2025-06-27,2025-07-02,CUST-1282,P-10531,Home Office,East,Massachusetts,Office Supplies,Appliances,5,66.85,6,0.15,9.28,Credit Card,Same Day,2025,Jun,6,2025-06
ORD-00607,2024-05-18,2024-05-20,CUST-1141,P-10398,Home Office,South,Georgia,Furniture,Bookcases,2,70.51,7,0.25,3.62,Cash on Delivery,Second Class,2024,May,5,2024-05
ORD-00608,2025-03-23,2025-03-28,CUST-1056,P-10450,Consumer,East,New Jersey,Office Supplies,Storage,5,70.98,3,0.05,11.53,Online,Standard Class,2025,Mar,3,2025-03
ORD-00609,2024-02-23,2024-02-27,CUST-1135,P-10395,Corporate,West,California,Office Supplies,Paper,4,165.18,3,0.0,9.45,Credit Card,First Class,2024,Feb,2,2024-02
ORD-00610,2024-08-31,2024-09-04,CUST-1092,P-10429,Consumer,West,Nevada,Technology,Accessories,4,50.52,6,0.0,14.93,Cash on Delivery,Second Class,2024,Aug,8,2024-08
ORD-00611,2024-05-13,2024-05-15,CUST-1149,P-10288,Home Office,South,Tennessee,Technology,Computers,2,67.98,1,0.05,9.72,Cash on Delivery,First Class,2024,May,5,2024-05
ORD-00612,2024-11-28,2024-11-29,CUST-1015,P-10515,Consumer,West,California,Office Supplies,Binders,1,74.48,5,0.1,0.57,Credit Card,First Class,2024,Nov,11,2024-11
ORD-00613,2025-06-28,2025-07-04,CUST-1292,P-10139,Corporate,South,Florida,Furniture,Tables,6,86.36,1,0.3,0.54,Online,First Class,2025,Jun,6,2025-06
ORD-00614,2024-08-17,2024-08-22,CUST-1102,P-10455,Home Office,South,Virginia,Office Supplies,Storage,5,19.8,6,0.0,2.4,Online,Same Day,2024,Aug,8,2024-08
ORD-00615,2025-10-24,2025-10-27,CUST-1128,P-10508,Home Office,South,Georgia,Technology,Computers,3,122.18,4,0.05,14.06,Credit Card,First Class,2025,Oct,10,2025-10
ORD-00616,2024-06-20,2024-06-23,CUST-1283,P-10220,Home Office,West,Washington,Furniture,Furnishings,3,46.2,1,0.3,5.23,Online,Same Day,2024,Jun,6,2024-06
ORD-00617,2025-05-08,2025-05-11,CUST-1066,P-10023,Consumer,West,Washington,Technology,Accessories,3,74.05,6,0.25,16.87,Online,Second Class,2025,May,5,2025-05
ORD-00618,2025-12-07,2025-12-10,CUST-1132,P-10078,Corporate,East,Massachusetts,Technology,Machines,3,63.94,7,0.2,6.81,Cash on Delivery,Same Day,2025,Dec,12,2025-12
ORD-00619,2024-02-10,2024-02-14,CUST-1071,P-10041,Home Office,Central,Illinois,Furniture,Tables,4,145.2,4,0.05,-5.79,Credit Card,Standard Class,2024,Feb,2,2024-02
ORD-00620,2024-07-25,2024-07-29,CUST-1143,P-10244,Corporate,South,Virginia,Office Supplies,Binders,4,44.82,8,0.3,8.91,Online,First Class,2024,Jul,7,2024-07
ORD-00621,2024-03-13,2024-03-16,CUST-1009,P-10156,Consumer,South,Florida,Office Supplies,Paper,3,63.1,5,0.3,-0.33,Cash on Delivery,Second Class,2024,Mar,3,2024-03
ORD-00622,2024-04-05,2024-04-09,CUST-1180,P-10473,Consumer,Central,Texas,Furniture,Tables,4,135.49,2,0.3,-10.78,Credit Card,Standard Class,2024,Apr,4,2024-04
ORD-00623,2025-04-27,2025-04-30,CUST-1002,P-10013,Home Office,East,Pennsylvania,Office Supplies,Storage,3,16.89,8,0.05,0.92,Credit Card,First Class,2025,Apr,4,2025-04
ORD-00624,2024-06-18,2024-06-22,CUST-1291,P-10261,Consumer,West,Arizona,Technology,Phones,4,76.15,6,0.25,12.09,Cash on Delivery,First Class,2024,Jun,6,2024-06
ORD-00625,2024-03-28,2024-03-31,CUST-1185,P-10310,Home Office,East,Massachusetts,Office Supplies,Appliances,3,37.56,1,0.35,4.03,Online,Second Class,2024,Mar,3,2024-03
ORD-00626,2025-06-30,2025-07-06,CUST-1099,P-10341,Corporate,Central,Minnesota,Furniture,Chairs,6,110.59,6,0.0,21.71,Credit Card,Standard Class,2025,Jun,6,2025-06
ORD-00627,2024-10-03,2024-10-06,CUST-1217,P-10240,Home Office,West,Nevada,Office Supplies,Storage,3,192.44,7,0.2,-9.89,Cash on Delivery,Same Day,2024,Oct,10,2024-10
ORD-00628,2024-02-12,2024-02-14,CUST-1223,P-10208,Home Office,West,California,Furniture,Chairs,2,266.08,6,0.0,28.44,Cash on Delivery,Standard Class,2024,Feb,2,2024-02
ORD-00629,2024-06-08,2024-06-11,CUST-1039,P-10019,Consumer,South,North Carolina,Technology,Computers,3,238.1,8,0.05,35.3,Online,First Class,2024,Jun,6,2024-06
ORD-00630,2025-05-07,2025-05-13,CUST-1139,P-10163,Home Office,Central,Wisconsin,Technology,Computers,6,17.89,4,0.3,0.18,Online,Same Day,2025,May,5,2025-05
ORD-00631,2025-08-17,2025-08-19,CUST-1014,P-10225,Corporate,East,Massachusetts,Office Supplies,Binders,2,44.64,6,0.35,2.2,Online,Same Day,2025,Aug,8,2025-08
ORD-00632,2024-07-06,2024-07-08,CUST-1226,P-10411,Home Office,East,Pennsylvania,Furniture,Furnishings,2,11.97,2,0.35,0.87,Credit Card,First Class,2024,Jul,7,2024-07
ORD-00633,2024-05-19,2024-05-23,CUST-1002,P-10151,Consumer,Central,Wisconsin,Technology,Computers,4,167.48,5,0.25,40.87,Online,Second Class,2024,May,5,2024-05
ORD-00634,2025-10-31,2025-11-01,CUST-1244,P-10113,Corporate,South,Georgia,Technology,Phones,1,334.27,2,0.05,41.93,Online,Second Class,2025,Oct,10,2025-10
ORD-00635,2025-12-16,2025-12-20,CUST-1006,P-10090,Corporate,West,Washington,Furniture,Bookcases,4,48.5,8,0.2,1.12,Cash on Delivery,First Class,2025,Dec,12,2025-12
ORD-00636,2025-03-04,2025-03-08,CUST-1192,P-10298,Corporate,South,Georgia,Furniture,Chairs,4,210.77,3,0.2,18.81,Credit Card,Standard Class,2025,Mar,3,2025-03
ORD-00637,2024-11-01,2024-11-05,CUST-1262,P-10234,Consumer,South,Georgia,Office Supplies,Appliances,4,38.39,6,0.25,0.52,Cash on Delivery,Second Class,2024,Nov,11,2024-11
ORD-00638,2024-02-10,2024-02-12,CUST-1270,P-10391,Home Office,West,California,Office Supplies,Storage,2,228.87,2,0.2,-11.11,Cash on Delivery,Standard Class,2024,Feb,2,2024-02
ORD-00639,2024-05-29,2024-06-03,CUST-1097,P-10181,Corporate,Central,Wisconsin,Technology,Phones,5,65.4,4,0.0,10.01,Cash on Delivery,Second Class,2024,May,5,2024-05
ORD-00640,2024-01-11,2024-01-16,CUST-1240,P-10520,Corporate,West,Arizona,Furniture,Bookcases,5,90.78,4,0.15,-3.0,Credit Card,Same Day,2024,Jan,1,2024-01
ORD-00641,2024-04-27,2024-05-01,CUST-1010,P-10130,Home Office,Central,Missouri,Office Supplies,Storage,4,103.92,8,0.05,16.55,Cash on Delivery,First Class,2024,Apr,4,2024-04
ORD-00642,2024-03-04,2024-03-07,CUST-1051,P-10035,Home Office,East,New Jersey,Office Supplies,Paper,3,68.67,6,0.1,3.43,Cash on Delivery,First Class,2024,Mar,3,2024-03
ORD-00643,2025-02-09,2025-02-12,CUST-1293,P-10044,Consumer,Central,Wisconsin,Technology,Computers,3,126.18,2,0.3,7.84,Online,First Class,2025,Feb,2,2025-02
ORD-00644,2024-08-20,2024-08-24,CUST-1004,P-10253,Consumer,East,Pennsylvania,Furniture,Bookcases,4,164.5,1,0.05,5.34,Online,Standard Class,2024,Aug,8,2024-08
ORD-00645,2024-10-25,2024-10-30,CUST-1130,P-10146,Home Office,Central,Minnesota,Technology,Accessories,5,263.85,4,0.25,34.92,Online,Same Day,2024,Oct,10,2024-10
ORD-00646,2025-09-22,2025-09-24,CUST-1047,P-10369,Consumer,Central,Texas,Office Supplies,Storage,2,35.07,7,0.2,3.15,Credit Card,First Class,2025,Sep,9,2025-09
ORD-00647,2025-05-12,2025-05-16,CUST-1206,P-10207,Home Office,East,Ohio,Office Supplies,Storage,4,34.08,2,0.25,-0.05,Online,Standard Class,2025,May,5,2025-05
ORD-00648,2025-08-11,2025-08-14,CUST-1174,P-10299,Consumer,Central,Illinois,Office Supplies,Storage,3,52.89,2,0.3,-7.14,Online,First Class,2025,Aug,8,2025-08
ORD-00649,2024-03-03,2024-03-06,CUST-1061,P-10050,Corporate,East,Massachusetts,Office Supplies,Binders,3,36.98,7,0.2,0.49,Credit Card,Same Day,2024,Mar,3,2024-03
ORD-00650,2024-03-16,2024-03-19,CUST-1078,P-10204,Corporate,East,New Jersey,Technology,Accessories,3,311.33,4,0.3,-18.93,Online,First Class,2024,Mar,3,2024-03
ORD-00651,2025-11-23,2025-11-25,CUST-1258,P-10268,Consumer,South,Georgia,Furniture,Bookcases,2,58.8,5,0.05,7.55,Cash on Delivery,Standard Class,2025,Nov,11,2025-11
ORD-00652,2025-07-23,2025-07-26,CUST-1038,P-10260,Corporate,South,Florida,Technology,Machines,3,258.64,7,0.0,75.56,Credit Card,Second Class,2025,Jul,7,2025-07
ORD-00653,2025-11-04,2025-11-10,CUST-1193,P-10290,Consumer,Central,Texas,Office Supplies,Appliances,6,366.81,8,0.15,-12.02,Credit Card,Same Day,2025,Nov,11,2025-11
ORD-00654,2025-10-30,2025-11-04,CUST-1241,P-10041,Home Office,Central,Minnesota,Furniture,Chairs,5,32.93,2,0.15,0.14,Credit Card,Standard Class,2025,Oct,10,2025-10
ORD-00655,2025-03-01,2025-03-03,CUST-1287,P-10360,Corporate,East,Massachusetts,Technology,Accessories,2,92.0,8,0.05,35.61,Cash on Delivery,Second Class,2025,Mar,3,2025-03
ORD-00656,2024-07-09,2024-07-12,CUST-1099,P-10224,Consumer,South,North Carolina,Technology,Phones,3,46.84,7,0.1,9.64,Credit Card,Standard Class,2024,Jul,7,2024-07
ORD-00657,2024-04-22,2024-04-25,CUST-1267,P-10367,Corporate,Central,Texas,Furniture,Bookcases,3,60.65,8,0.25,-0.91,Credit Card,Standard Class,2024,Apr,4,2024-04
ORD-00658,2024-05-24,2024-05-29,CUST-1085,P-10374,Corporate,West,Nevada,Technology,Computers,5,21.57,8,0.0,4.21,Credit Card,Second Class,2024,May,5,2024-05
ORD-00659,2024-01-31,2024-02-02,CUST-1071,P-10234,Consumer,South,Tennessee,Office Supplies,Appliances,2,111.23,2,0.15,1.07,Cash on Delivery,Same Day,2024,Jan,1,2024-01
ORD-00660,2025-02-17,2025-02-22,CUST-1205,P-10161,Consumer,Central,Wisconsin,Office Supplies,Binders,5,48.35,7,0.35,-1.63,Cash on Delivery,Same Day,2025,Feb,2,2025-02
ORD-00661,2025-07-21,2025-07-22,CUST-1292,P-10198,Home Office,East,New York,Technology,Accessories,1,96.09,7,0.05,20.69,Cash on Delivery,Standard Class,2025,Jul,7,2025-07
ORD-00662,2024-11-25,2024-12-01,CUST-1206,P-10296,Consumer,Central,Wisconsin,Technology,Computers,6,77.2,3,0.05,-0.53,Online,First Class,2024,Nov,11,2024-11
ORD-00663,2024-12-06,2024-12-09,CUST-1057,P-10400,Corporate,South,Georgia,Office Supplies,Binders,3,111.86,7,0.1,8.64,Credit Card,Second Class,2024,Dec,12,2024-12
ORD-00664,2025-05-18,2025-05-24,CUST-1268,P-10263,Home Office,South,Virginia,Furniture,Chairs,6,210.74,6,0.15,24.3,Credit Card,Standard Class,2025,May,5,2025-05
ORD-00665,2024-07-27,2024-07-30,CUST-1181,P-10484,Home Office,West,Oregon,Office Supplies,Paper,3,84.44,6,0.25,9.64,Credit Card,Standard Class,2024,Jul,7,2024-07
ORD-00666,2024-09-20,2024-09-23,CUST-1266,P-10080,Home Office,West,Oregon,Furniture,Chairs,3,45.03,8,0.0,9.88,Credit Card,First Class,2024,Sep,9,2024-09
ORD-00667,2025-08-30,2025-09-01,CUST-1280,P-10108,Corporate,West,Oregon,Technology,Phones,2,99.22,2,0.0,33.62,Cash on Delivery,Standard Class,2025,Aug,8,2025-08
ORD-00668,2024-01-07,2024-01-09,CUST-1271,P-10321,Consumer,West,Arizona,Technology,Machines,2,34.17,4,0.1,6.4,Credit Card,Same Day,2024,Jan,1,2024-01
ORD-00669,2024-03-09,2024-03-11,CUST-1281,P-10282,Corporate,West,Washington,Furniture,Furnishings,2,24.68,1,0.0,-0.4,Online,Second Class,2024,Mar,3,2024-03
ORD-00670,2024-11-28,2024-11-29,CUST-1096,P-10395,Home Office,Central,Minnesota,Office Supplies,Storage,1,68.01,3,0.1,11.54,Cash on Delivery,Same Day,2024,Nov,11,2024-11
ORD-00671,2024-01-07,2024-01-09,CUST-1216,P-10481,Consumer,South,North Carolina,Furniture,Tables,2,46.97,8,0.0,3.25,Cash on Delivery,Second Class,2024,Jan,1,2024-01
ORD-00672,2024-10-28,2024-11-03,CUST-1110,P-10020,Consumer,East,Pennsylvania,Technology,Computers,6,254.3,6,0.1,11.87,Cash on Delivery,Standard Class,2024,Oct,10,2024-10
ORD-00673,2024-08-31,2024-09-06,CUST-1279,P-10335,Corporate,Central,Illinois,Furniture,Chairs,6,83.02,3,0.3,1.53,Cash on Delivery,Second Class,2024,Aug,8,2024-08
ORD-00674,2024-01-10,2024-01-11,CUST-1049,P-10366,Consumer,West,Washington,Office Supplies,Paper,1,98.87,3,0.2,-2.92,Cash on Delivery,Same Day,2024,Jan,1,2024-01
ORD-00675,2025-12-21,2025-12-25,CUST-1184,P-10099,Corporate,West,Arizona,Furniture,Furnishings,4,60.79,7,0.3,-10.61,Credit Card,Standard Class,2025,Dec,12,2025-12
ORD-00676,2025-03-09,2025-03-15,CUST-1194,P-10059,Corporate,East,New Jersey,Furniture,Tables,6,49.9,3,0.35,5.25,Cash on Delivery,Standard Class,2025,Mar,3,2025-03
ORD-00677,2024-02-02,2024-02-05,CUST-1158,P-10061,Consumer,Central,Wisconsin,Furniture,Chairs,3,139.45,3,0.3,1.29,Credit Card,Second Class,2024,Feb,2,2024-02
ORD-00678,2025-11-01,2025-11-04,CUST-1263,P-10038,Home Office,West,California,Furniture,Furnishings,3,38.14,3,0.35,0.88,Credit Card,First Class,2025,Nov,11,2025-11
ORD-00679,2024-10-01,2024-10-05,CUST-1142,P-10113,Home Office,East,Ohio,Furniture,Bookcases,4,58.25,5,0.2,4.7,Online,Same Day,2024,Oct,10,2024-10
ORD-00680,2025-07-12,2025-07-17,CUST-1168,P-10523,Corporate,Central,Wisconsin,Office Supplies,Appliances,5,82.99,8,0.25,-8.62,Online,Same Day,2025,Jul,7,2025-07
ORD-00681,2025-07-22,2025-07-23,CUST-1177,P-10179,Consumer,West,Washington,Office Supplies,Storage,1,43.21,8,0.1,4.78,Cash on Delivery,Second Class,2025,Jul,7,2025-07
ORD-00682,2024-10-11,2024-10-15,CUST-1107,P-10174,Consumer,East,New York,Office Supplies,Paper,4,88.75,7,0.35,-4.42,Online,Same Day,2024,Oct,10,2024-10
ORD-00683,2025-04-26,2025-04-28,CUST-1247,P-10468,Home Office,West,Nevada,Office Supplies,Storage,2,49.41,4,0.05,3.0,Cash on Delivery,Standard Class,2025,Apr,4,2025-04
ORD-00684,2025-11-08,2025-11-10,CUST-1199,P-10495,Home Office,West,Nevada,Office Supplies,Binders,2,169.66,1,0.0,25.81,Cash on Delivery,Second Class,2025,Nov,11,2025-11
ORD-00685,2024-01-19,2024-01-25,CUST-1214,P-10435,Corporate,East,New York,Furniture,Bookcases,6,55.62,4,0.25,-2.83,Online,Same Day,2024,Jan,1,2024-01
ORD-00686,2025-06-10,2025-06-16,CUST-1179,P-10318,Consumer,West,California,Office Supplies,Binders,6,150.91,6,0.15,5.77,Credit Card,Second Class,2025,Jun,6,2025-06
ORD-00687,2024-12-28,2025-01-02,CUST-1247,P-10493,Home Office,East,Massachusetts,Furniture,Bookcases,5,43.85,5,0.25,-2.02,Online,Standard Class,2024,Dec,12,2024-12
ORD-00688,2024-09-20,2024-09-23,CUST-1202,P-10290,Home Office,West,Oregon,Office Supplies,Storage,3,29.52,6,0.25,1.23,Cash on Delivery,First Class,2024,Sep,9,2024-09
ORD-00689,2024-08-23,2024-08-26,CUST-1138,P-10303,Corporate,East,Ohio,Technology,Computers,3,261.59,3,0.2,-3.36,Credit Card,Same Day,2024,Aug,8,2024-08
ORD-00690,2024-08-09,2024-08-12,CUST-1276,P-10175,Corporate,Central,Minnesota,Technology,Phones,3,118.96,8,0.1,11.58,Cash on Delivery,Standard Class,2024,Aug,8,2024-08
ORD-00691,2024-03-30,2024-04-02,CUST-1021,P-10229,Corporate,West,Washington,Office Supplies,Binders,3,47.96,7,0.0,5.12,Cash on Delivery,Standard Class,2024,Mar,3,2024-03
ORD-00692,2025-05-03,2025-05-06,CUST-1117,P-10539,Corporate,West,Washington,Technology,Phones,3,79.31,7,0.25,3.86,Online,First Class,2025,May,5,2025-05
ORD-00693,2025-11-04,2025-11-05,CUST-1171,P-10295,Home Office,South,Tennessee,Technology,Accessories,1,134.72,5,0.0,33.06,Online,First Class,2025,Nov,11,2025-11
ORD-00694,2024-10-14,2024-10-18,CUST-1215,P-10306,Corporate,Central,Texas,Office Supplies,Appliances,4,163.67,4,0.15,30.02,Credit Card,Standard Class,2024,Oct,10,2024-10
ORD-00695,2024-03-15,2024-03-21,CUST-1156,P-10267,Consumer,East,New York,Furniture,Furnishings,6,52.44,7,0.1,-0.55,Cash on Delivery,First Class,2024,Mar,3,2024-03
ORD-00696,2024-10-04,2024-10-07,CUST-1277,P-10051,Consumer,West,Nevada,Office Supplies,Storage,3,93.67,7,0.3,6.71,Cash on Delivery,Standard Class,2024,Oct,10,2024-10
ORD-00697,2024-03-02,2024-03-08,CUST-1089,P-10174,Corporate,East,Massachusetts,Technology,Computers,6,90.82,5,0.15,5.1,Cash on Delivery,Second Class,2024,Mar,3,2024-03
ORD-00698,2025-01-26,2025-02-01,CUST-1123,P-10041,Consumer,South,Virginia,Technology,Machines,6,249.47,4,0.0,28.51,Cash on Delivery,First Class,2025,Jan,1,2025-01
ORD-00699,2025-02-10,2025-02-12,CUST-1288,P-10011,Home Office,East,Massachusetts,Furniture,Bookcases,2,19.97,2,0.05,1.21,Cash on Delivery,Standard Class,2025,Feb,2,2025-02
ORD-00700,2025-03-19,2025-03-23,CUST-1084,P-10339,Home Office,West,Washington,Furniture,Furnishings,4,76.77,1,0.0,8.19,Credit Card,Second Class,2025,Mar,3,2025-03
ORD-00701,2024-09-06,2024-09-11,CUST-1154,P-10129,Consumer,West,Oregon,Furniture,Chairs,5,46.3,7,0.3,2.29,Cash on Delivery,Same Day,2024,Sep,9,2024-09
ORD-00702,2024-05-07,2024-05-10,CUST-1283,P-10542,Corporate,South,Virginia,Technology,Phones,3,165.93,5,0.35,-5.26,Online,First Class,2024,May,5,2024-05
ORD-00703,2025-09-27,2025-10-03,CUST-1117,P-10226,Home Office,East,Ohio,Technology,Machines,6,342.94,6,0.1,46.56,Cash on Delivery,Second Class,2025,Sep,9,2025-09
ORD-00704,2024-01-19,2024-01-23,CUST-1046,P-10148,Consumer,East,Pennsylvania,Office Supplies,Storage,4,90.66,2,0.05,7.7,Online,First Class,2024,Jan,1,2024-01
ORD-00705,2025-02-17,2025-02-22,CUST-1234,P-10398,Corporate,Central,Minnesota,Furniture,Chairs,5,82.31,1,0.15,-0.12,Cash on Delivery,Same Day,2025,Feb,2,2025-02
ORD-00706,2025-01-16,2025-01-19,CUST-1233,P-10547,Home Office,Central,Missouri,Technology,Computers,3,88.51,2,0.0,25.47,Credit Card,First Class,2025,Jan,1,2025-01
ORD-00707,2024-07-28,2024-07-31,CUST-1114,P-10179,Corporate,West,Washington,Furniture,Tables,3,117.9,4,0.35,7.37,Online,Second Class,2024,Jul,7,2024-07
ORD-00708,2025-03-14,2025-03-17,CUST-1064,P-10389,Home Office,South,Tennessee,Furniture,Bookcases,3,317.67,6,0.25,24.41,Credit Card,Same Day,2025,Mar,3,2025-03
ORD-00709,2024-08-01,2024-08-03,CUST-1235,P-10250,Consumer,Central,Wisconsin,Furniture,Furnishings,2,94.59,4,0.3,-0.24,Credit Card,First Class,2024,Aug,8,2024-08
ORD-00710,2025-04-28,2025-05-02,CUST-1202,P-10488,Corporate,West,Nevada,Furniture,Tables,4,48.71,4,0.2,-1.09,Cash on Delivery,Same Day,2025,Apr,4,2025-04
ORD-00711,2024-01-04,2024-01-05,CUST-1006,P-10239,Corporate,Central,Texas,Technology,Machines,1,25.3,3,0.15,5.83,Online,Standard Class,2024,Jan,1,2024-01
ORD-00712,2024-12-29,2025-01-02,CUST-1072,P-10376,Corporate,West,Arizona,Technology,Machines,4,45.81,2,0.15,3.15,Online,Second Class,2024,Dec,12,2024-12
ORD-00713,2024-12-13,2024-12-15,CUST-1241,P-10343,Home Office,South,Tennessee,Technology,Computers,2,70.08,4,0.3,7.0,Credit Card,Same Day,2024,Dec,12,2024-12
ORD-00714,2025-05-31,2025-06-06,CUST-1050,P-10325,Consumer,East,Pennsylvania,Technology,Phones,6,68.91,1,0.05,1.59,Credit Card,First Class,2025,May,5,2025-05
ORD-00715,2025-08-09,2025-08-13,CUST-1109,P-10332,Corporate,East,Pennsylvania,Furniture,Bookcases,4,39.63,2,0.3,1.7,Cash on Delivery,Second Class,2025,Aug,8,2025-08
ORD-00716,2024-04-08,2024-04-12,CUST-1148,P-10086,Corporate,West,Nevada,Technology,Computers,4,61.4,2,0.15,4.78,Online,Standard Class,2024,Apr,4,2024-04
ORD-00717,2025-09-26,2025-09-28,CUST-1186,P-10316,Home Office,Central,Illinois,Office Supplies,Binders,2,89.96,8,0.35,-12.4,Cash on Delivery,First Class,2025,Sep,9,2025-09
ORD-00718,2024-03-30,2024-04-02,CUST-1099,P-10161,Home Office,East,New York,Furniture,Tables,3,148.65,5,0.35,-5.36,Cash on Delivery,First Class,2024,Mar,3,2024-03
ORD-00719,2025-11-24,2025-11-29,CUST-1285,P-10059,Corporate,East,Pennsylvania,Furniture,Chairs,5,344.52,1,0.1,-2.38,Cash on Delivery,Same Day,2025,Nov,11,2025-11
ORD-00720,2024-02-20,2024-02-22,CUST-1045,P-10141,Consumer,East,New Jersey,Office Supplies,Storage,2,142.18,4,0.2,-5.91,Online,First Class,2024,Feb,2,2024-02
ORD-00721,2024-08-21,2024-08-25,CUST-1121,P-10550,Corporate,West,Oregon,Furniture,Furnishings,4,83.59,7,0.05,-0.03,Online,Standard Class,2024,Aug,8,2024-08
ORD-00722,2025-04-30,2025-05-02,CUST-1294,P-10441,Corporate,South,Virginia,Furniture,Chairs,2,326.06,1,0.05,11.06,Online,Second Class,2025,Apr,4,2025-04
ORD-00723,2024-12-09,2024-12-12,CUST-1013,P-10305,Consumer,West,Oregon,Technology,Machines,3,35.04,5,0.3,-3.36,Online,Standard Class,2024,Dec,12,2024-12
ORD-00724,2024-05-06,2024-05-08,CUST-1194,P-10345,Home Office,West,California,Furniture,Bookcases,2,76.38,1,0.2,5.94,Credit Card,Same Day,2024,May,5,2024-05
ORD-00725,2025-11-28,2025-12-03,CUST-1132,P-10022,Home Office,East,Pennsylvania,Office Supplies,Storage,5,28.92,5,0.05,3.93,Online,Same Day,2025,Nov,11,2025-11
ORD-00726,2024-11-19,2024-11-20,CUST-1040,P-10086,Home Office,East,New Jersey,Furniture,Tables,1,171.51,3,0.1,35.06,Cash on Delivery,Same Day,2024,Nov,11,2024-11
ORD-00727,2024-06-04,2024-06-09,CUST-1044,P-10154,Consumer,South,Virginia,Technology,Accessories,5,108.29,2,0.35,13.45,Online,First Class,2024,Jun,6,2024-06
ORD-00728,2025-07-27,2025-08-01,CUST-1292,P-10076,Corporate,West,California,Technology,Phones,5,35.68,2,0.3,6.96,Cash on Delivery,First Class,2025,Jul,7,2025-07
ORD-00729,2025-12-22,2025-12-27,CUST-1250,P-10410,Consumer,Central,Texas,Office Supplies,Paper,5,284.81,5,0.0,16.62,Credit Card,Standard Class,2025,Dec,12,2025-12
ORD-00730,2024-04-19,2024-04-23,CUST-1195,P-10155,Home Office,South,Georgia,Office Supplies,Paper,4,28.28,1,0.25,2.62,Cash on Delivery,First Class,2024,Apr,4,2024-04
ORD-00731,2025-10-18,2025-10-21,CUST-1104,P-10390,Home Office,West,Nevada,Technology,Machines,3,210.61,3,0.35,32.59,Credit Card,First Class,2025,Oct,10,2025-10
ORD-00732,2025-08-04,2025-08-05,CUST-1056,P-10002,Home Office,East,New Jersey,Office Supplies,Binders,1,95.55,3,0.25,5.27,Online,Second Class,2025,Aug,8,2025-08
ORD-00733,2025-12-27,2025-12-30,CUST-1149,P-10132,Home Office,West,Oregon,Office Supplies,Appliances,3,141.54,2,0.1,4.91,Cash on Delivery,First Class,2025,Dec,12,2025-12
ORD-00734,2025-10-09,2025-10-12,CUST-1180,P-10349,Home Office,West,Nevada,Furniture,Chairs,3,138.51,3,0.35,7.27,Cash on Delivery,Standard Class,2025,Oct,10,2025-10
ORD-00735,2024-01-31,2024-02-02,CUST-1093,P-10273,Consumer,East,Pennsylvania,Technology,Machines,2,27.2,5,0.05,3.2,Credit Card,First Class,2024,Jan,1,2024-01
ORD-00736,2025-02-12,2025-02-16,CUST-1241,P-10515,Corporate,Central,Texas,Office Supplies,Binders,4,113.99,7,0.25,7.84,Online,First Class,2025,Feb,2,2025-02
ORD-00737,2024-03-01,2024-03-05,CUST-1164,P-10146,Corporate,East,Ohio,Furniture,Furnishings,4,21.02,8,0.0,-1.0,Online,Second Class,2024,Mar,3,2024-03
ORD-00738,2024-03-01,2024-03-04,CUST-1291,P-10331,Home Office,East,Ohio,Office Supplies,Paper,3,96.08,3,0.3,7.97,Credit Card,Same Day,2024,Mar,3,2024-03
ORD-00739,2025-04-13,2025-04-14,CUST-1055,P-10489,Consumer,Central,Illinois,Office Supplies,Binders,1,129.22,3,0.35,-14.24,Cash on Delivery,Standard Class,2025,Apr,4,2025-04
ORD-00740,2024-06-22,2024-06-25,CUST-1166,P-10021,Corporate,West,Nevada,Office Supplies,Appliances,3,68.49,8,0.3,7.67,Cash on Delivery,Standard Class,2024,Jun,6,2024-06
ORD-00741,2024-01-28,2024-02-03,CUST-1255,P-10028,Consumer,West,Oregon,Furniture,Furnishings,6,114.67,8,0.05,13.85,Cash on Delivery,First Class,2024,Jan,1,2024-01
ORD-00742,2025-03-21,2025-03-23,CUST-1002,P-10338,Home Office,East,New Jersey,Technology,Accessories,2,393.89,8,0.05,37.32,Online,First Class,2025,Mar,3,2025-03
ORD-00743,2024-04-07,2024-04-08,CUST-1022,P-10544,Corporate,Central,Wisconsin,Furniture,Bookcases,1,119.94,7,0.0,7.88,Credit Card,Same Day,2024,Apr,4,2024-04
ORD-00744,2025-11-01,2025-11-04,CUST-1044,P-10134,Corporate,Central,Minnesota,Technology,Accessories,3,82.59,6,0.1,1.44,Credit Card,Second Class,2025,Nov,11,2025-11
ORD-00745,2025-01-14,2025-01-19,CUST-1184,P-10140,Consumer,Central,Missouri,Furniture,Tables,5,57.19,6,0.15,4.52,Online,Same Day,2025,Jan,1,2025-01
ORD-00746,2025-12-29,2026-01-04,CUST-1250,P-10303,Corporate,Central,Texas,Office Supplies,Storage,6,97.63,4,0.1,12.27,Online,Standard Class,2025,Dec,12,2025-12
ORD-00747,2024-09-26,2024-09-29,CUST-1141,P-10548,Home Office,Central,Texas,Office Supplies,Storage,3,35.05,6,0.0,4.6,Credit Card,Standard Class,2024,Sep,9,2024-09
ORD-00748,2025-02-04,2025-02-09,CUST-1171,P-10043,Consumer,East,New York,Technology,Machines,5,73.52,4,0.15,2.21,Cash on Delivery,Same Day,2025,Feb,2,2025-02
ORD-00749,2025-05-07,2025-05-09,CUST-1081,P-10219,Corporate,Central,Minnesota,Office Supplies,Storage,2,202.29,7,0.3,12.86,Cash on Delivery,First Class,2025,May,5,2025-05
ORD-00750,2024-10-04,2024-10-10,CUST-1071,P-10190,Corporate,West,Arizona,Technology,Machines,6,74.44,5,0.15,8.91,Online,Second Class,2024,Oct,10,2024-10
ORD-00751,2024-06-06,2024-06-12,CUST-1032,P-10311,Home Office,South,North Carolina,Office Supplies,Appliances,6,43.9,6,0.25,2.49,Cash on Delivery,Same Day,2024,Jun,6,2024-06
ORD-00752,2024-04-14,2024-04-15,CUST-1108,P-10502,Consumer,East,Ohio,Furniture,Bookcases,1,186.84,2,0.3,5.65,Online,Same Day,2024,Apr,4,2024-04
ORD-00753,2024-11-06,2024-11-08,CUST-1076,P-10171,Home Office,West,Arizona,Office Supplies,Paper,2,55.07,6,0.1,1.8,Cash on Delivery,Standard Class,2024,Nov,11,2024-11
ORD-00754,2025-07-27,2025-08-01,CUST-1123,P-10048,Consumer,West,California,Office Supplies,Binders,5,22.57,5,0.25,-1.76,Cash on Delivery,Second Class,2025,Jul,7,2025-07
ORD-00755,2025-12-07,2025-12-13,CUST-1175,P-10370,Consumer,West,Washington,Technology,Phones,6,116.9,6,0.35,4.97,Online,Second Class,2025,Dec,12,2025-12
ORD-00756,2025-06-27,2025-07-02,CUST-1181,P-10131,Home Office,South,North Carolina,Technology,Phones,5,64.45,3,0.0,6.79,Cash on Delivery,Same Day,2025,Jun,6,2025-06
ORD-00757,2024-01-14,2024-01-17,CUST-1296,P-10415,Home Office,South,North Carolina,Furniture,Bookcases,3,75.97,7,0.3,9.42,Cash on Delivery,Standard Class,2024,Jan,1,2024-01
ORD-00758,2024-05-15,2024-05-20,CUST-1154,P-10342,Home Office,East,Massachusetts,Office Supplies,Appliances,5,150.7,4,0.2,-5.04,Cash on Delivery,First Class,2024,May,5,2024-05
ORD-00759,2025-10-31,2025-11-01,CUST-1210,P-10329,Consumer,South,Virginia,Technology,Accessories,1,68.8,1,0.35,9.55,Credit Card,First Class,2025,Oct,10,2025-10
ORD-00760,2024-01-17,2024-01-20,CUST-1299,P-10110,Corporate,West,Oregon,Office Supplies,Paper,3,352.97,8,0.15,-19.18,Cash on Delivery,Second Class,2024,Jan,1,2024-01
ORD-00761,2024-03-09,2024-03-12,CUST-1020,P-10286,Corporate,South,Georgia,Technology,Computers,3,96.5,8,0.0,10.39,Credit Card,Same Day,2024,Mar,3,2024-03
ORD-00762,2024-02-27,2024-03-01,CUST-1067,P-10176,Consumer,Central,Minnesota,Office Supplies,Binders,3,58.41,3,0.1,4.17,Credit Card,Same Day,2024,Feb,2,2024-02
ORD-00763,2024-08-17,2024-08-20,CUST-1276,P-10486,Corporate,Central,Minnesota,Technology,Machines,3,178.04,1,0.25,49.46,Online,Standard Class,2024,Aug,8,2024-08
ORD-00764,2025-08-13,2025-08-16,CUST-1097,P-10275,Corporate,Central,Minnesota,Office Supplies,Storage,3,48.62,7,0.0,17.48,Cash on Delivery,Second Class,2025,Aug,8,2025-08
ORD-00765,2025-02-06,2025-02-11,CUST-1014,P-10194,Corporate,South,North Carolina,Furniture,Chairs,5,78.28,3,0.3,0.79,Credit Card,Same Day,2025,Feb,2,2025-02
ORD-00766,2024-12-04,2024-12-09,CUST-1160,P-10275,Consumer,South,North Carolina,Technology,Computers,5,135.57,2,0.05,35.96,Credit Card,Standard Class,2024,Dec,12,2024-12
ORD-00767,2025-04-13,2025-04-17,CUST-1019,P-10143,Corporate,Central,Illinois,Office Supplies,Binders,4,68.49,8,0.1,14.79,Online,First Class,2025,Apr,4,2025-04
ORD-00768,2025-01-29,2025-01-31,CUST-1237,P-10251,Corporate,Central,Illinois,Technology,Machines,2,64.12,7,0.25,-0.03,Online,Standard Class,2025,Jan,1,2025-01
ORD-00769,2024-06-03,2024-06-05,CUST-1065,P-10036,Consumer,Central,Illinois,Office Supplies,Storage,2,139.28,2,0.3,9.06,Online,Standard Class,2024,Jun,6,2024-06
ORD-00770,2024-12-11,2024-12-12,CUST-1058,P-10134,Home Office,Central,Wisconsin,Office Supplies,Storage,1,49.91,2,0.0,7.87,Credit Card,Standard Class,2024,Dec,12,2024-12
ORD-00771,2025-12-03,2025-12-05,CUST-1091,P-10157,Home Office,Central,Missouri,Furniture,Chairs,2,149.5,1,0.05,29.79,Online,Standard Class,2025,Dec,12,2025-12
ORD-00772,2024-12-31,2025-01-05,CUST-1171,P-10192,Corporate,South,Virginia,Furniture,Furnishings,5,37.57,3,0.2,2.96,Cash on Delivery,First Class,2024,Dec,12,2024-12
ORD-00773,2024-07-28,2024-07-29,CUST-1146,P-10238,Home Office,Central,Minnesota,Furniture,Chairs,1,45.56,2,0.0,9.04,Online,Same Day,2024,Jul,7,2024-07
ORD-00774,2025-10-02,2025-10-03,CUST-1007,P-10543,Home Office,West,Arizona,Furniture,Furnishings,1,318.05,2,0.25,13.04,Credit Card,Standard Class,2025,Oct,10,2025-10
ORD-00775,2024-09-15,2024-09-17,CUST-1237,P-10055,Home Office,West,Oregon,Furniture,Chairs,2,18.94,6,0.0,3.02,Online,Standard Class,2024,Sep,9,2024-09
ORD-00776,2024-04-07,2024-04-09,CUST-1083,P-10050,Consumer,West,Oregon,Office Supplies,Appliances,2,261.28,5,0.2,7.45,Cash on Delivery,Second Class,2024,Apr,4,2024-04
ORD-00777,2024-11-29,2024-12-01,CUST-1209,P-10491,Consumer,West,Arizona,Furniture,Chairs,2,57.57,3,0.1,0.56,Online,First Class,2024,Nov,11,2024-11
ORD-00778,2024-05-16,2024-05-22,CUST-1002,P-10295,Corporate,Central,Wisconsin,Technology,Phones,6,46.85,7,0.35,-2.48,Online,First Class,2024,May,5,2024-05
ORD-00779,2024-03-29,2024-04-01,CUST-1230,P-10499,Consumer,South,Virginia,Furniture,Bookcases,3,39.75,5,0.35,3.77,Online,Same Day,2024,Mar,3,2024-03
ORD-00780,2025-05-26,2025-05-29,CUST-1248,P-10482,Consumer,East,Ohio,Technology,Computers,3,143.1,6,0.35,18.45,Cash on Delivery,First Class,2025,May,5,2025-05
ORD-00781,2025-05-15,2025-05-19,CUST-1074,P-10477,Corporate,South,Virginia,Office Supplies,Storage,4,67.83,8,0.0,5.34,Cash on Delivery,First Class,2025,May,5,2025-05
ORD-00782,2024-10-01,2024-10-06,CUST-1194,P-10298,Home Office,Central,Wisconsin,Office Supplies,Binders,5,138.1,6,0.15,8.51,Credit Card,Standard Class,2024,Oct,10,2024-10
ORD-00783,2024-03-28,2024-04-01,CUST-1248,P-10091,Consumer,West,Nevada,Technology,Machines,4,102.81,5,0.0,7.15,Credit Card,First Class,2024,Mar,3,2024-03
ORD-00784,2024-03-03,2024-03-07,CUST-1242,P-10179,Home Office,South,Virginia,Technology,Machines,4,131.6,8,0.3,18.69,Online,First Class,2024,Mar,3,2024-03
ORD-00785,2025-08-31,2025-09-04,CUST-1111,P-10307,Consumer,Central,Texas,Office Supplies,Storage,4,83.97,5,0.0,20.01,Credit Card,Standard Class,2025,Aug,8,2025-08
ORD-00786,2025-05-17,2025-05-19,CUST-1236,P-10124,Corporate,East,New Jersey,Furniture,Chairs,2,53.03,4,0.25,-5.96,Online,Second Class,2025,May,5,2025-05
ORD-00787,2025-11-02,2025-11-05,CUST-1286,P-10254,Home Office,Central,Wisconsin,Technology,Phones,3,99.27,8,0.25,7.09,Cash on Delivery,Second Class,2025,Nov,11,2025-11
ORD-00788,2024-11-25,2024-11-29,CUST-1132,P-10466,Home Office,South,Georgia,Technology,Computers,4,73.97,8,0.1,15.12,Cash on Delivery,Standard Class,2024,Nov,11,2024-11
ORD-00789,2025-11-17,2025-11-21,CUST-1232,P-10211,Corporate,Central,Wisconsin,Office Supplies,Paper,4,30.11,1,0.25,2.31,Credit Card,Standard Class,2025,Nov,11,2025-11
ORD-00790,2024-06-02,2024-06-08,CUST-1166,P-10309,Consumer,Central,Missouri,Office Supplies,Storage,6,89.46,1,0.35,-9.43,Online,Standard Class,2024,Jun,6,2024-06
ORD-00791,2024-05-15,2024-05-18,CUST-1076,P-10335,Corporate,West,Washington,Office Supplies,Storage,3,122.01,4,0.05,8.8,Online,Second Class,2024,May,5,2024-05
ORD-00792,2024-02-11,2024-02-14,CUST-1197,P-10427,Corporate,South,Georgia,Technology,Computers,3,33.26,1,0.1,1.49,Credit Card,Standard Class,2024,Feb,2,2024-02
ORD-00793,2025-08-03,2025-08-08,CUST-1075,P-10415,Corporate,East,New Jersey,Furniture,Tables,5,74.74,4,0.15,-0.31,Credit Card,Second Class,2025,Aug,8,2025-08
ORD-00794,2025-01-10,2025-01-11,CUST-1055,P-10509,Corporate,West,Washington,Furniture,Tables,1,205.92,1,0.3,-26.68,Credit Card,Same Day,2025,Jan,1,2025-01
ORD-00795,2024-11-28,2024-12-01,CUST-1256,P-10309,Corporate,West,Washington,Furniture,Tables,3,73.25,2,0.0,2.21,Cash on Delivery,Same Day,2024,Nov,11,2024-11
ORD-00796,2025-03-07,2025-03-11,CUST-1050,P-10246,Consumer,East,Pennsylvania,Furniture,Bookcases,4,26.93,5,0.25,3.3,Cash on Delivery,Standard Class,2025,Mar,3,2025-03
ORD-00797,2024-04-04,2024-04-08,CUST-1180,P-10080,Home Office,South,Virginia,Technology,Computers,4,29.64,6,0.35,1.16,Online,Second Class,2024,Apr,4,2024-04
ORD-00798,2025-07-28,2025-07-30,CUST-1090,P-10265,Corporate,West,Oregon,Furniture,Bookcases,2,29.67,5,0.1,-0.82,Credit Card,Second Class,2025,Jul,7,2025-07
ORD-00799,2025-06-19,2025-06-23,CUST-1108,P-10496,Corporate,West,Arizona,Office Supplies,Storage,4,67.36,4,0.05,6.91,Online,Second Class,2025,Jun,6,2025-06
ORD-00800,2025-12-28,2026-01-01,CUST-1008,P-10305,Consumer,South,Virginia,Technology,Accessories,4,54.98,3,0.3,0.38,Cash on Delivery,Second Class,2025,Dec,12,2025-12
ORD-00801,2024-03-27,2024-03-30,CUST-1245,P-10157,Home Office,West,Nevada,Technology,Computers,3,50.65,1,0.0,-8.12,Online,Standard Class,2024,Mar,3,2024-03
ORD-00802,2024-03-01,2024-03-05,CUST-1177,P-10124,Consumer,East,New Jersey,Furniture,Bookcases,4,45.26,4,0.0,5.58,Online,Second Class,2024,Mar,3,2024-03
ORD-00803,2025-11-13,2025-11-16,CUST-1012,P-10546,Corporate,West,Arizona,Office Supplies,Binders,3,152.49,2,0.3,18.35,Cash on Delivery,First Class,2025,Nov,11,2025-11
ORD-00804,2025-10-14,2025-10-17,CUST-1202,P-10461,Corporate,West,California,Technology,Phones,3,156.34,5,0.25,26.43,Cash on Delivery,Same Day,2025,Oct,10,2025-10
ORD-00805,2025-04-14,2025-04-17,CUST-1199,P-10059,Corporate,East,Ohio,Office Supplies,Binders,3,142.37,6,0.35,-3.34,Credit Card,Standard Class,2025,Apr,4,2025-04
ORD-00806,2025-10-02,2025-10-08,CUST-1211,P-10252,Consumer,Central,Illinois,Technology,Machines,6,102.49,5,0.2,22.86,Online,Standard Class,2025,Oct,10,2025-10
ORD-00807,2024-05-12,2024-05-15,CUST-1042,P-10465,Home Office,Central,Minnesota,Furniture,Tables,3,50.93,4,0.1,4.56,Online,Same Day,2024,May,5,2024-05
ORD-00808,2024-11-03,2024-11-07,CUST-1219,P-10231,Home Office,West,Nevada,Office Supplies,Storage,4,89.09,8,0.0,3.3,Cash on Delivery,Second Class,2024,Nov,11,2024-11
ORD-00809,2024-10-15,2024-10-18,CUST-1212,P-10318,Consumer,Central,Missouri,Office Supplies,Appliances,3,58.16,4,0.05,-1.85,Credit Card,Same Day,2024,Oct,10,2024-10
ORD-00810,2024-11-15,2024-11-19,CUST-1093,P-10407,Home Office,West,Arizona,Technology,Computers,4,54.7,1,0.35,-2.84,Online,First Class,2024,Nov,11,2024-11
ORD-00811,2024-06-16,2024-06-22,CUST-1183,P-10288,Home Office,West,Oregon,Technology,Phones,6,77.16,3,0.3,-0.11,Credit Card,Standard Class,2024,Jun,6,2024-06
ORD-00812,2025-04-09,2025-04-11,CUST-1180,P-10335,Home Office,Central,Minnesota,Office Supplies,Appliances,2,55.73,3,0.35,4.15,Online,Same Day,2025,Apr,4,2025-04
ORD-00813,2025-11-03,2025-11-08,CUST-1180,P-10512,Consumer,East,New York,Office Supplies,Paper,5,37.42,2,0.25,2.98,Credit Card,Same Day,2025,Nov,11,2025-11
ORD-00814,2024-05-30,2024-06-02,CUST-1163,P-10033,Consumer,East,Pennsylvania,Office Supplies,Paper,3,105.43,1,0.1,18.31,Credit Card,Standard Class,2024,May,5,2024-05
ORD-00815,2024-02-27,2024-03-01,CUST-1184,P-10507,Consumer,Central,Minnesota,Technology,Machines,3,20.35,7,0.05,1.68,Online,Same Day,2024,Feb,2,2024-02
ORD-00816,2025-10-19,2025-10-20,CUST-1273,P-10130,Consumer,South,Florida,Furniture,Bookcases,1,107.11,6,0.3,3.43,Cash on Delivery,Standard Class,2025,Oct,10,2025-10
ORD-00817,2025-05-12,2025-05-15,CUST-1092,P-10391,Corporate,South,North Carolina,Technology,Accessories,3,61.53,7,0.15,9.07,Cash on Delivery,Second Class,2025,May,5,2025-05
ORD-00818,2024-07-10,2024-07-14,CUST-1177,P-10322,Home Office,Central,Wisconsin,Technology,Accessories,4,72.68,1,0.35,7.2,Credit Card,Same Day,2024,Jul,7,2024-07
ORD-00819,2024-10-25,2024-10-28,CUST-1010,P-10429,Corporate,West,Washington,Office Supplies,Paper,3,379.95,2,0.2,46.35,Online,Second Class,2024,Oct,10,2024-10
ORD-00820,2024-11-01,2024-11-06,CUST-1252,P-10523,Corporate,South,North Carolina,Technology,Computers,5,34.26,8,0.0,5.94,Credit Card,Second Class,2024,Nov,11,2024-11
ORD-00821,2024-11-08,2024-11-14,CUST-1298,P-10086,Consumer,Central,Missouri,Office Supplies,Binders,6,100.5,2,0.35,-1.41,Cash on Delivery,First Class,2024,Nov,11,2024-11
ORD-00822,2025-10-05,2025-10-07,CUST-1059,P-10349,Home Office,West,Arizona,Furniture,Bookcases,2,315.71,3,0.2,27.23,Credit Card,First Class,2025,Oct,10,2025-10
ORD-00823,2024-01-28,2024-01-30,CUST-1010,P-10093,Home Office,East,New Jersey,Technology,Machines,2,97.4,7,0.1,12.04,Credit Card,First Class,2024,Jan,1,2024-01
ORD-00824,2024-09-16,2024-09-19,CUST-1101,P-10189,Consumer,South,North Carolina,Furniture,Tables,3,179.71,5,0.35,-6.31,Cash on Delivery,First Class,2024,Sep,9,2024-09
ORD-00825,2025-11-17,2025-11-20,CUST-1214,P-10039,Home Office,West,Arizona,Technology,Accessories,3,22.72,7,0.2,0.3,Online,Second Class,2025,Nov,11,2025-11
ORD-00826,2024-03-27,2024-04-01,CUST-1137,P-10252,Consumer,Central,Wisconsin,Office Supplies,Binders,5,106.34,1,0.35,-0.85,Online,Standard Class,2024,Mar,3,2024-03
ORD-00827,2024-05-15,2024-05-18,CUST-1146,P-10522,Home Office,Central,Texas,Office Supplies,Binders,3,186.39,7,0.25,22.38,Online,Same Day,2024,May,5,2024-05
ORD-00828,2024-06-07,2024-06-09,CUST-1262,P-10063,Corporate,Central,Illinois,Technology,Accessories,2,46.53,1,0.1,9.18,Online,Same Day,2024,Jun,6,2024-06
ORD-00829,2025-01-18,2025-01-21,CUST-1084,P-10096,Home Office,Central,Wisconsin,Office Supplies,Paper,3,28.02,8,0.3,-0.47,Credit Card,First Class,2025,Jan,1,2025-01
ORD-00830,2025-06-05,2025-06-09,CUST-1208,P-10449,Consumer,West,Nevada,Furniture,Bookcases,4,35.44,3,0.05,5.26,Cash on Delivery,Second Class,2025,Jun,6,2025-06
ORD-00831,2025-05-10,2025-05-12,CUST-1258,P-10399,Home Office,East,New Jersey,Furniture,Chairs,2,97.36,6,0.1,9.47,Cash on Delivery,Second Class,2025,May,5,2025-05
ORD-00832,2024-06-21,2024-06-22,CUST-1064,P-10063,Corporate,South,North Carolina,Office Supplies,Paper,1,207.7,7,0.1,19.92,Credit Card,Same Day,2024,Jun,6,2024-06
ORD-00833,2024-05-04,2024-05-07,CUST-1144,P-10005,Consumer,East,New Jersey,Technology,Computers,3,113.12,7,0.2,19.27,Cash on Delivery,First Class,2024,May,5,2024-05
ORD-00834,2025-10-26,2025-10-29,CUST-1105,P-10127,Corporate,West,Arizona,Technology,Machines,3,148.1,2,0.1,18.53,Cash on Delivery,Same Day,2025,Oct,10,2025-10
ORD-00835,2024-08-23,2024-08-28,CUST-1297,P-10052,Consumer,West,Oregon,Furniture,Furnishings,5,103.94,6,0.0,10.43,Cash on Delivery,Second Class,2024,Aug,8,2024-08
ORD-00836,2025-03-21,2025-03-26,CUST-1226,P-10126,Corporate,Central,Minnesota,Technology,Accessories,5,100.19,6,0.25,17.49,Cash on Delivery,Second Class,2025,Mar,3,2025-03
ORD-00837,2025-01-17,2025-01-21,CUST-1054,P-10184,Home Office,West,Nevada,Furniture,Furnishings,4,74.21,7,0.3,2.46,Cash on Delivery,Second Class,2025,Jan,1,2025-01
ORD-00838,2024-06-15,2024-06-16,CUST-1133,P-10414,Home Office,East,New York,Technology,Computers,1,136.13,2,0.35,3.8,Online,Second Class,2024,Jun,6,2024-06
ORD-00839,2024-06-04,2024-06-06,CUST-1198,P-10226,Home Office,West,Arizona,Furniture,Tables,2,109.39,2,0.25,-9.96,Cash on Delivery,Standard Class,2024,Jun,6,2024-06
ORD-00840,2024-12-07,2024-12-08,CUST-1256,P-10427,Corporate,East,Massachusetts,Furniture,Tables,1,29.23,3,0.25,-0.78,Credit Card,Second Class,2024,Dec,12,2024-12
ORD-00841,2024-09-12,2024-09-15,CUST-1080,P-10331,Corporate,South,Georgia,Technology,Computers,3,185.18,6,0.35,9.62,Online,Same Day,2024,Sep,9,2024-09
ORD-00842,2024-04-24,2024-04-25,CUST-1035,P-10120,Consumer,Central,Illinois,Technology,Machines,1,100.86,3,0.05,14.89,Credit Card,First Class,2024,Apr,4,2024-04
ORD-00843,2025-10-06,2025-10-12,CUST-1073,P-10177,Corporate,South,Florida,Furniture,Chairs,6,131.72,3,0.1,6.2,Cash on Delivery,Standard Class,2025,Oct,10,2025-10
ORD-00844,2025-09-20,2025-09-26,CUST-1229,P-10500,Consumer,West,Oregon,Technology,Computers,6,143.58,4,0.35,8.03,Credit Card,Same Day,2025,Sep,9,2025-09
ORD-00845,2025-09-07,2025-09-10,CUST-1179,P-10423,Home Office,East,New York,Furniture,Chairs,3,43.01,2,0.05,8.15,Online,First Class,2025,Sep,9,2025-09
ORD-00846,2024-10-09,2024-10-13,CUST-1136,P-10155,Home Office,South,Virginia,Furniture,Tables,4,69.97,7,0.25,0.86,Credit Card,Standard Class,2024,Oct,10,2024-10
ORD-00847,2025-11-25,2025-12-01,CUST-1279,P-10151,Home Office,East,Massachusetts,Furniture,Tables,6,255.01,3,0.3,-23.03,Online,First Class,2025,Nov,11,2025-11
ORD-00848,2024-04-05,2024-04-09,CUST-1033,P-10393,Corporate,East,Pennsylvania,Technology,Computers,4,52.44,2,0.35,0.18,Online,Standard Class,2024,Apr,4,2024-04
ORD-00849,2024-01-07,2024-01-13,CUST-1189,P-10331,Corporate,West,Nevada,Technology,Machines,6,34.93,1,0.25,2.91,Cash on Delivery,Same Day,2024,Jan,1,2024-01
ORD-00850,2025-05-15,2025-05-18,CUST-1003,P-10181,Corporate,East,New Jersey,Furniture,Furnishings,3,65.19,3,0.1,8.29,Credit Card,First Class,2025,May,5,2025-05
ORD-00851,2025-10-28,2025-10-31,CUST-1296,P-10118,Consumer,South,Tennessee,Technology,Machines,3,61.23,8,0.25,7.41,Credit Card,Same Day,2025,Oct,10,2025-10
ORD-00852,2024-11-26,2024-11-30,CUST-1112,P-10294,Corporate,Central,Missouri,Office Supplies,Binders,4,106.14,5,0.15,7.07,Online,Standard Class,2024,Nov,11,2024-11
ORD-00853,2025-05-09,2025-05-15,CUST-1244,P-10524,Home Office,West,Arizona,Office Supplies,Storage,6,382.05,4,0.3,58.79,Credit Card,Same Day,2025,May,5,2025-05
ORD-00854,2024-10-29,2024-11-01,CUST-1196,P-10268,Consumer,West,Arizona,Office Supplies,Appliances,3,131.91,4,0.35,-1.99,Cash on Delivery,Same Day,2024,Oct,10,2024-10
ORD-00855,2024-04-08,2024-04-13,CUST-1213,P-10341,Consumer,Central,Missouri,Technology,Phones,5,145.72,7,0.25,11.48,Credit Card,Same Day,2024,Apr,4,2024-04
ORD-00856,2024-05-08,2024-05-14,CUST-1218,P-10524,Home Office,West,Arizona,Office Supplies,Appliances,6,48.51,3,0.1,10.42,Online,Standard Class,2024,May,5,2024-05
ORD-00857,2024-09-23,2024-09-26,CUST-1269,P-10272,Consumer,West,Nevada,Office Supplies,Paper,3,130.1,5,0.25,11.79,Cash on Delivery,Standard Class,2024,Sep,9,2024-09
ORD-00858,2024-09-13,2024-09-14,CUST-1171,P-10380,Home Office,West,Arizona,Furniture,Tables,1,23.13,2,0.15,3.49,Cash on Delivery,First Class,2024,Sep,9,2024-09
ORD-00859,2024-03-29,2024-04-02,CUST-1262,P-10202,Corporate,South,North Carolina,Furniture,Chairs,4,93.37,3,0.0,15.18,Cash on Delivery,Standard Class,2024,Mar,3,2024-03
ORD-00860,2025-11-03,2025-11-04,CUST-1213,P-10503,Consumer,West,California,Office Supplies,Appliances,1,144.0,6,0.25,10.56,Credit Card,Same Day,2025,Nov,11,2025-11
ORD-00861,2024-10-31,2024-11-04,CUST-1075,P-10031,Home Office,East,Massachusetts,Technology,Machines,4,135.77,4,0.15,11.12,Cash on Delivery,Same Day,2024,Oct,10,2024-10
ORD-00862,2025-10-03,2025-10-07,CUST-1082,P-10167,Corporate,Central,Texas,Furniture,Tables,4,52.77,8,0.0,-3.77,Online,First Class,2025,Oct,10,2025-10
ORD-00863,2024-07-20,2024-07-26,CUST-1029,P-10318,Corporate,East,Pennsylvania,Technology,Phones,6,83.59,6,0.2,19.21,Credit Card,Same Day,2024,Jul,7,2024-07
ORD-00864,2024-01-09,2024-01-15,CUST-1078,P-10333,Home Office,South,North Carolina,Furniture,Chairs,6,106.89,2,0.2,8.86,Credit Card,Second Class,2024,Jan,1,2024-01
ORD-00865,2024-08-26,2024-08-29,CUST-1243,P-10480,Home Office,Central,Illinois,Office Supplies,Binders,3,147.96,8,0.0,14.78,Online,Standard Class,2024,Aug,8,2024-08
ORD-00866,2025-07-10,2025-07-13,CUST-1299,P-10392,Home Office,East,Pennsylvania,Furniture,Furnishings,3,59.36,6,0.15,5.63,Cash on Delivery,Second Class,2025,Jul,7,2025-07
ORD-00867,2025-01-14,2025-01-17,CUST-1222,P-10301,Consumer,Central,Wisconsin,Technology,Machines,3,23.38,3,0.1,4.78,Credit Card,Standard Class,2025,Jan,1,2025-01
ORD-00868,2025-01-04,2025-01-07,CUST-1276,P-10536,Home Office,Central,Minnesota,Furniture,Furnishings,3,165.61,4,0.1,4.56,Online,Second Class,2025,Jan,1,2025-01
ORD-00869,2025-02-25,2025-02-27,CUST-1163,P-10529,Consumer,Central,Minnesota,Office Supplies,Binders,2,124.32,8,0.25,4.68,Credit Card,Second Class,2025,Feb,2,2025-02
ORD-00870,2024-08-03,2024-08-05,CUST-1269,P-10335,Corporate,East,New Jersey,Furniture,Chairs,2,94.28,1,0.2,8.11,Credit Card,Same Day,2024,Aug,8,2024-08
ORD-00871,2025-09-26,2025-09-29,CUST-1041,P-10323,Home Office,South,Tennessee,Furniture,Tables,3,35.34,5,0.05,0.08,Online,Same Day,2025,Sep,9,2025-09
ORD-00872,2025-03-17,2025-03-19,CUST-1215,P-10502,Consumer,Central,Missouri,Furniture,Furnishings,2,44.77,6,0.1,7.94,Online,Second Class,2025,Mar,3,2025-03
ORD-00873,2024-09-12,2024-09-15,CUST-1085,P-10143,Consumer,West,California,Technology,Computers,3,139.51,1,0.05,23.38,Credit Card,First Class,2024,Sep,9,2024-09
ORD-00874,2024-09-07,2024-09-09,CUST-1263,P-10244,Consumer,South,Florida,Technology,Accessories,2,89.77,1,0.15,7.57,Cash on Delivery,First Class,2024,Sep,9,2024-09
ORD-00875,2025-11-05,2025-11-08,CUST-1235,P-10319,Corporate,West,Nevada,Technology,Accessories,3,256.77,6,0.35,12.02,Online,First Class,2025,Nov,11,2025-11
ORD-00876,2024-01-14,2024-01-18,CUST-1246,P-10007,Consumer,West,Arizona,Technology,Machines,4,69.1,8,0.25,12.81,Credit Card,First Class,2024,Jan,1,2024-01
ORD-00877,2025-09-23,2025-09-25,CUST-1268,P-10089,Home Office,South,Florida,Technology,Accessories,2,117.34,6,0.3,5.09,Credit Card,Standard Class,2025,Sep,9,2025-09
ORD-00878,2025-09-01,2025-09-04,CUST-1092,P-10139,Home Office,West,California,Furniture,Bookcases,3,134.02,4,0.3,4.91,Credit Card,Standard Class,2025,Sep,9,2025-09
ORD-00879,2025-01-14,2025-01-20,CUST-1067,P-10271,Corporate,South,North Carolina,Office Supplies,Binders,6,168.91,8,0.15,27.08,Online,Second Class,2025,Jan,1,2025-01
ORD-00880,2025-09-19,2025-09-23,CUST-1113,P-10500,Consumer,East,Massachusetts,Technology,Computers,4,146.08,7,0.3,5.28,Cash on Delivery,Second Class,2025,Sep,9,2025-09
ORD-00881,2025-04-06,2025-04-09,CUST-1041,P-10407,Corporate,East,Pennsylvania,Office Supplies,Paper,3,165.21,2,0.3,-13.41,Cash on Delivery,Second Class,2025,Apr,4,2025-04
ORD-00882,2025-03-08,2025-03-10,CUST-1271,P-10123,Corporate,South,Tennessee,Furniture,Furnishings,2,42.92,4,0.3,7.09,Online,Standard Class,2025,Mar,3,2025-03
ORD-00883,2024-09-26,2024-09-29,CUST-1161,P-10386,Home Office,West,Nevada,Furniture,Chairs,3,333.34,7,0.05,-10.18,Cash on Delivery,Standard Class,2024,Sep,9,2024-09
ORD-00884,2024-05-27,2024-05-31,CUST-1244,P-10381,Corporate,East,Pennsylvania,Technology,Machines,4,69.28,8,0.0,16.76,Cash on Delivery,First Class,2024,May,5,2024-05
ORD-00885,2024-12-01,2024-12-07,CUST-1095,P-10163,Consumer,East,New Jersey,Technology,Computers,6,83.98,5,0.15,0.97,Online,Standard Class,2024,Dec,12,2024-12
ORD-00886,2024-04-29,2024-05-03,CUST-1230,P-10318,Consumer,South,Georgia,Office Supplies,Appliances,4,98.94,2,0.25,-2.37,Online,First Class,2024,Apr,4,2024-04
ORD-00887,2024-10-10,2024-10-16,CUST-1196,P-10187,Consumer,East,New Jersey,Technology,Accessories,6,147.43,1,0.1,36.58,Cash on Delivery,First Class,2024,Oct,10,2024-10
ORD-00888,2025-04-18,2025-04-21,CUST-1041,P-10464,Corporate,West,Nevada,Technology,Computers,3,43.67,6,0.1,5.22,Online,Same Day,2025,Apr,4,2025-04
ORD-00889,2024-09-06,2024-09-10,CUST-1031,P-10007,Home Office,East,Pennsylvania,Office Supplies,Storage,4,38.51,6,0.3,5.88,Credit Card,Second Class,2024,Sep,9,2024-09
ORD-00890,2024-10-20,2024-10-26,CUST-1141,P-10302,Consumer,Central,Wisconsin,Furniture,Bookcases,6,90.62,1,0.35,5.95,Online,Second Class,2024,Oct,10,2024-10
ORD-00891,2025-08-13,2025-08-16,CUST-1159,P-10285,Corporate,East,Pennsylvania,Office Supplies,Storage,3,79.34,4,0.0,8.53,Online,First Class,2025,Aug,8,2025-08
ORD-00892,2025-12-27,2026-01-02,CUST-1171,P-10512,Consumer,South,North Carolina,Office Supplies,Appliances,6,82.74,1,0.15,2.07,Credit Card,Same Day,2025,Dec,12,2025-12
ORD-00893,2024-01-30,2024-02-01,CUST-1242,P-10082,Corporate,Central,Missouri,Office Supplies,Storage,2,33.83,2,0.3,0.5,Credit Card,Second Class,2024,Jan,1,2024-01
ORD-00894,2024-11-19,2024-11-25,CUST-1187,P-10206,Corporate,West,Oregon,Technology,Computers,6,171.57,1,0.3,9.22,Credit Card,Standard Class,2024,Nov,11,2024-11
ORD-00895,2025-12-20,2025-12-23,CUST-1068,P-10199,Corporate,South,Florida,Office Supplies,Storage,3,35.64,4,0.05,12.36,Online,First Class,2025,Dec,12,2025-12
ORD-00896,2025-05-26,2025-05-31,CUST-1047,P-10415,Consumer,East,New York,Office Supplies,Appliances,5,110.1,3,0.1,11.95,Cash on Delivery,Second Class,2025,May,5,2025-05
ORD-00897,2025-12-07,2025-12-11,CUST-1285,P-10404,Home Office,Central,Minnesota,Office Supplies,Paper,4,53.91,8,0.05,1.54,Cash on Delivery,Second Class,2025,Dec,12,2025-12
ORD-00898,2024-01-25,2024-01-27,CUST-1052,P-10545,Home Office,West,California,Office Supplies,Appliances,2,16.17,7,0.15,2.19,Online,Second Class,2024,Jan,1,2024-01
ORD-00899,2024-05-23,2024-05-25,CUST-1127,P-10400,Corporate,Central,Minnesota,Furniture,Furnishings,2,14.9,1,0.35,1.73,Cash on Delivery,Same Day,2024,May,5,2024-05
ORD-00900,2025-10-15,2025-10-17,CUST-1153,P-10328,Corporate,Central,Illinois,Technology,Machines,2,140.74,1,0.3,39.95,Online,Standard Class,2025,Oct,10,2025-10
ORD-00901,2025-01-03,2025-01-04,CUST-1187,P-10505,Corporate,South,Florida,Office Supplies,Storage,1,106.53,2,0.2,5.44,Online,Same Day,2025,Jan,1,2025-01
ORD-00902,2025-03-07,2025-03-11,CUST-1291,P-10275,Consumer,South,Virginia,Office Supplies,Binders,4,210.03,5,0.25,41.36,Credit Card,Standard Class,2025,Mar,3,2025-03
ORD-00903,2025-08-17,2025-08-21,CUST-1118,P-10242,Consumer,Central,Illinois,Furniture,Furnishings,4,183.89,1,0.15,-7.69,Online,Second Class,2025,Aug,8,2025-08
ORD-00904,2024-06-08,2024-06-14,CUST-1283,P-10140,Consumer,West,California,Technology,Phones,6,58.2,6,0.05,8.26,Online,First Class,2024,Jun,6,2024-06
ORD-00905,2025-11-14,2025-11-20,CUST-1070,P-10075,Corporate,West,Arizona,Furniture,Furnishings,6,74.19,2,0.2,10.08,Cash on Delivery,Second Class,2025,Nov,11,2025-11
ORD-00906,2024-02-04,2024-02-06,CUST-1143,P-10022,Consumer,South,Georgia,Office Supplies,Paper,2,56.97,6,0.15,-1.33,Credit Card,Same Day,2024,Feb,2,2024-02
ORD-00907,2025-11-15,2025-11-16,CUST-1005,P-10450,Corporate,West,Nevada,Office Supplies,Storage,1,32.14,3,0.35,-0.13,Online,Second Class,2025,Nov,11,2025-11
ORD-00908,2024-06-03,2024-06-08,CUST-1159,P-10257,Home Office,East,Massachusetts,Furniture,Bookcases,5,142.07,8,0.0,-7.61,Online,Second Class,2024,Jun,6,2024-06
ORD-00909,2024-08-10,2024-08-12,CUST-1101,P-10466,Corporate,West,Oregon,Furniture,Bookcases,2,214.01,6,0.35,1.01,Online,Second Class,2024,Aug,8,2024-08
ORD-00910,2025-01-20,2025-01-24,CUST-1014,P-10075,Home Office,East,New York,Furniture,Chairs,4,142.11,1,0.35,26.77,Online,First Class,2025,Jan,1,2025-01
ORD-00911,2024-05-24,2024-05-28,CUST-1114,P-10338,Home Office,South,North Carolina,Furniture,Bookcases,4,185.59,2,0.3,5.26,Cash on Delivery,Standard Class,2024,May,5,2024-05
ORD-00912,2025-03-21,2025-03-24,CUST-1010,P-10308,Corporate,South,North Carolina,Furniture,Tables,3,41.99,4,0.35,-2.52,Cash on Delivery,Same Day,2025,Mar,3,2025-03
ORD-00913,2024-12-10,2024-12-11,CUST-1210,P-10397,Corporate,East,Ohio,Furniture,Chairs,1,83.5,4,0.2,-5.88,Online,Same Day,2024,Dec,12,2024-12
ORD-00914,2024-11-24,2024-11-25,CUST-1062,P-10251,Corporate,West,California,Technology,Phones,1,32.16,7,0.2,1.51,Online,Second Class,2024,Nov,11,2024-11
ORD-00915,2024-09-24,2024-09-26,CUST-1043,P-10055,Corporate,East,Pennsylvania,Office Supplies,Storage,2,32.53,4,0.3,-1.68,Online,Same Day,2024,Sep,9,2024-09
ORD-00916,2025-06-28,2025-07-02,CUST-1146,P-10202,Consumer,South,North Carolina,Furniture,Furnishings,4,94.41,5,0.35,0.8,Online,Same Day,2025,Jun,6,2025-06
ORD-00917,2025-04-20,2025-04-26,CUST-1027,P-10008,Corporate,West,Washington,Office Supplies,Binders,6,71.4,3,0.2,-10.54,Cash on Delivery,Second Class,2025,Apr,4,2025-04
ORD-00918,2024-11-29,2024-12-01,CUST-1267,P-10497,Home Office,East,Ohio,Technology,Phones,2,77.04,2,0.0,12.09,Credit Card,First Class,2024,Nov,11,2024-11
ORD-00919,2024-08-22,2024-08-26,CUST-1058,P-10504,Corporate,South,Georgia,Office Supplies,Storage,4,236.01,3,0.3,20.76,Cash on Delivery,First Class,2024,Aug,8,2024-08
ORD-00920,2024-10-31,2024-11-02,CUST-1041,P-10306,Consumer,South,Tennessee,Technology,Computers,2,67.99,8,0.25,-1.7,Cash on Delivery,First Class,2024,Oct,10,2024-10
ORD-00921,2025-12-10,2025-12-14,CUST-1283,P-10426,Corporate,East,Massachusetts,Office Supplies,Paper,4,33.45,8,0.05,3.28,Online,Same Day,2025,Dec,12,2025-12
ORD-00922,2024-07-05,2024-07-08,CUST-1061,P-10495,Corporate,West,Nevada,Technology,Accessories,3,104.17,2,0.1,5.48,Cash on Delivery,Standard Class,2024,Jul,7,2024-07
ORD-00923,2025-04-27,2025-05-03,CUST-1239,P-10509,Home Office,East,Ohio,Office Supplies,Appliances,6,57.82,5,0.0,6.84,Cash on Delivery,First Class,2025,Apr,4,2025-04
ORD-00924,2025-08-19,2025-08-23,CUST-1070,P-10058,Home Office,East,Ohio,Technology,Accessories,4,116.8,6,0.15,16.33,Credit Card,Standard Class,2025,Aug,8,2025-08
ORD-00925,2025-01-31,2025-02-04,CUST-1019,P-10488,Home Office,Central,Texas,Technology,Accessories,4,48.85,6,0.15,-1.16,Credit Card,Same Day,2025,Jan,1,2025-01
ORD-00926,2024-01-28,2024-01-31,CUST-1288,P-10374,Corporate,Central,Missouri,Technology,Machines,3,71.27,8,0.3,14.95,Cash on Delivery,Same Day,2024,Jan,1,2024-01
ORD-00927,2025-05-31,2025-06-04,CUST-1170,P-10137,Corporate,West,Oregon,Furniture,Chairs,4,66.48,3,0.15,5.39,Online,Same Day,2025,May,5,2025-05
ORD-00928,2024-04-26,2024-04-30,CUST-1059,P-10387,Home Office,South,Georgia,Office Supplies,Paper,4,64.93,4,0.25,6.89,Cash on Delivery,Second Class,2024,Apr,4,2024-04
ORD-00929,2024-10-13,2024-10-16,CUST-1024,P-10493,Home Office,West,Oregon,Furniture,Tables,3,39.27,1,0.35,5.49,Online,Standard Class,2024,Oct,10,2024-10
ORD-00930,2025-12-31,2026-01-01,CUST-1105,P-10486,Home Office,South,Georgia,Technology,Accessories,1,93.1,4,0.25,10.36,Credit Card,First Class,2025,Dec,12,2025-12
ORD-00931,2025-11-26,2025-12-02,CUST-1002,P-10410,Corporate,South,North Carolina,Technology,Phones,6,63.11,4,0.0,12.72,Credit Card,Second Class,2025,Nov,11,2025-11
ORD-00932,2025-07-05,2025-07-10,CUST-1091,P-10383,Consumer,East,Massachusetts,Technology,Phones,5,102.76,2,0.0,20.94,Credit Card,Standard Class,2025,Jul,7,2025-07
ORD-00933,2024-06-25,2024-06-26,CUST-1188,P-10405,Home Office,South,Florida,Office Supplies,Storage,1,83.45,7,0.2,3.73,Cash on Delivery,Same Day,2024,Jun,6,2024-06
ORD-00934,2025-06-30,2025-07-03,CUST-1107,P-10306,Home Office,East,Pennsylvania,Technology,Computers,3,127.62,2,0.15,5.37,Online,Same Day,2025,Jun,6,2025-06
ORD-00935,2025-06-29,2025-07-05,CUST-1211,P-10071,Corporate,West,Nevada,Technology,Machines,6,158.95,3,0.3,-18.77,Credit Card,Standard Class,2025,Jun,6,2025-06
ORD-00936,2025-11-01,2025-11-07,CUST-1081,P-10286,Consumer,Central,Wisconsin,Office Supplies,Storage,6,43.35,7,0.35,1.19,Cash on Delivery,Same Day,2025,Nov,11,2025-11
ORD-00937,2025-11-24,2025-11-28,CUST-1055,P-10462,Home Office,Central,Illinois,Office Supplies,Appliances,4,151.53,2,0.05,9.61,Online,Second Class,2025,Nov,11,2025-11
ORD-00938,2024-05-02,2024-05-05,CUST-1178,P-10003,Consumer,East,Pennsylvania,Office Supplies,Appliances,3,126.73,1,0.05,27.07,Cash on Delivery,Same Day,2024,May,5,2024-05
ORD-00939,2025-05-15,2025-05-21,CUST-1174,P-10144,Home Office,East,Ohio,Office Supplies,Paper,6,205.38,2,0.1,23.44,Credit Card,Same Day,2025,May,5,2025-05
ORD-00940,2024-04-23,2024-04-26,CUST-1156,P-10149,Corporate,Central,Wisconsin,Furniture,Tables,3,57.11,3,0.2,5.23,Cash on Delivery,Standard Class,2024,Apr,4,2024-04
ORD-00941,2025-10-16,2025-10-18,CUST-1283,P-10549,Home Office,East,New York,Office Supplies,Binders,2,151.52,3,0.25,19.64,Cash on Delivery,First Class,2025,Oct,10,2025-10
ORD-00942,2025-07-18,2025-07-22,CUST-1279,P-10473,Home Office,South,Georgia,Office Supplies,Binders,4,230.89,7,0.1,40.67,Cash on Delivery,Standard Class,2025,Jul,7,2025-07
ORD-00943,2024-06-21,2024-06-24,CUST-1150,P-10396,Home Office,West,Arizona,Technology,Phones,3,39.55,4,0.35,-1.37,Online,Same Day,2024,Jun,6,2024-06
ORD-00944,2025-12-09,2025-12-12,CUST-1156,P-10419,Home Office,West,California,Office Supplies,Storage,3,113.37,4,0.1,18.15,Cash on Delivery,Standard Class,2025,Dec,12,2025-12
ORD-00945,2025-07-05,2025-07-09,CUST-1025,P-10521,Corporate,West,Washington,Technology,Accessories,4,112.34,4,0.35,-11.4,Cash on Delivery,Second Class,2025,Jul,7,2025-07
ORD-00946,2024-09-22,2024-09-28,CUST-1076,P-10120,Home Office,South,Virginia,Office Supplies,Storage,6,188.56,8,0.15,-1.69,Online,Standard Class,2024,Sep,9,2024-09
ORD-00947,2025-10-31,2025-11-05,CUST-1189,P-10126,Corporate,Central,Missouri,Furniture,Bookcases,5,62.96,7,0.3,7.38,Credit Card,Same Day,2025,Oct,10,2025-10
ORD-00948,2024-02-17,2024-02-20,CUST-1190,P-10134,Corporate,East,New Jersey,Furniture,Chairs,3,40.47,6,0.05,11.8,Cash on Delivery,Second Class,2024,Feb,2,2024-02
ORD-00949,2025-07-11,2025-07-15,CUST-1261,P-10249,Corporate,South,Virginia,Office Supplies,Storage,4,70.64,8,0.05,6.74,Cash on Delivery,Same Day,2025,Jul,7,2025-07
ORD-00950,2025-06-22,2025-06-25,CUST-1087,P-10232,Corporate,Central,Minnesota,Furniture,Furnishings,3,108.73,2,0.25,11.15,Credit Card,First Class,2025,Jun,6,2025-06
ORD-00951,2025-10-15,2025-10-20,CUST-1020,P-10400,Home Office,South,Virginia,Office Supplies,Binders,5,66.52,7,0.0,7.39,Cash on Delivery,Same Day,2025,Oct,10,2025-10
ORD-00952,2025-02-14,2025-02-20,CUST-1127,P-10437,Consumer,South,Virginia,Office Supplies,Storage,6,87.04,6,0.2,4.6,Cash on Delivery,Second Class,2025,Feb,2,2025-02
ORD-00953,2025-01-07,2025-01-10,CUST-1041,P-10359,Home Office,South,Florida,Furniture,Furnishings,3,117.65,4,0.0,26.35,Cash on Delivery,Same Day,2025,Jan,1,2025-01
ORD-00954,2025-11-10,2025-11-16,CUST-1212,P-10504,Home Office,South,Florida,Technology,Accessories,6,37.78,1,0.1,3.92,Online,Standard Class,2025,Nov,11,2025-11
ORD-00955,2024-01-13,2024-01-16,CUST-1093,P-10156,Home Office,Central,Texas,Technology,Machines,3,170.42,8,0.1,0.42,Cash on Delivery,Second Class,2024,Jan,1,2024-01
ORD-00956,2025-05-28,2025-06-02,CUST-1248,P-10356,Home Office,East,Pennsylvania,Office Supplies,Paper,5,172.73,5,0.0,21.76,Cash on Delivery,Same Day,2025,May,5,2025-05
ORD-00957,2025-03-20,2025-03-21,CUST-1050,P-10543,Home Office,East,Ohio,Office Supplies,Binders,1,61.89,1,0.1,13.29,Credit Card,Same Day,2025,Mar,3,2025-03
ORD-00958,2024-03-04,2024-03-08,CUST-1223,P-10371,Consumer,Central,Minnesota,Technology,Machines,4,271.31,2,0.3,56.82,Credit Card,Same Day,2024,Mar,3,2024-03
ORD-00959,2025-10-08,2025-10-12,CUST-1199,P-10420,Corporate,East,New Jersey,Technology,Computers,4,87.33,6,0.1,8.22,Online,Standard Class,2025,Oct,10,2025-10
ORD-00960,2024-04-20,2024-04-22,CUST-1067,P-10034,Consumer,East,Pennsylvania,Technology,Phones,2,64.75,1,0.05,9.02,Online,Same Day,2024,Apr,4,2024-04
ORD-00961,2025-10-09,2025-10-13,CUST-1211,P-10535,Consumer,South,North Carolina,Technology,Accessories,4,211.25,1,0.05,7.07,Online,Standard Class,2025,Oct,10,2025-10
ORD-00962,2024-03-27,2024-03-30,CUST-1133,P-10021,Corporate,Central,Texas,Office Supplies,Storage,3,85.77,7,0.25,4.09,Online,Standard Class,2024,Mar,3,2024-03
ORD-00963,2025-02-27,2025-03-02,CUST-1292,P-10148,Corporate,Central,Minnesota,Office Supplies,Paper,3,47.03,7,0.3,0.89,Online,Standard Class,2025,Feb,2,2025-02
ORD-00964,2024-03-19,2024-03-23,CUST-1243,P-10121,Home Office,Central,Illinois,Office Supplies,Storage,4,136.38,1,0.15,-8.06,Cash on Delivery,First Class,2024,Mar,3,2024-03
ORD-00965,2024-04-22,2024-04-23,CUST-1147,P-10543,Consumer,South,North Carolina,Furniture,Furnishings,1,119.52,5,0.05,-8.73,Credit Card,First Class,2024,Apr,4,2024-04
ORD-00966,2024-03-15,2024-03-18,CUST-1229,P-10262,Consumer,Central,Missouri,Technology,Computers,3,111.28,3,0.3,7.5,Online,First Class,2024,Mar,3,2024-03
ORD-00967,2025-07-02,2025-07-05,CUST-1097,P-10500,Corporate,West,Washington,Office Supplies,Paper,3,78.97,5,0.15,8.58,Credit Card,Second Class,2025,Jul,7,2025-07
ORD-00968,2024-12-13,2024-12-16,CUST-1029,P-10285,Home Office,East,Ohio,Office Supplies,Paper,3,108.62,8,0.3,-2.66,Cash on Delivery,Same Day,2024,Dec,12,2024-12
ORD-00969,2025-10-02,2025-10-07,CUST-1247,P-10310,Consumer,South,North Carolina,Technology,Accessories,5,51.65,5,0.1,6.95,Online,Second Class,2025,Oct,10,2025-10
ORD-00970,2024-01-24,2024-01-26,CUST-1182,P-10328,Corporate,Central,Texas,Office Supplies,Paper,2,130.59,5,0.0,39.49,Cash on Delivery,Same Day,2024,Jan,1,2024-01
ORD-00971,2025-07-07,2025-07-10,CUST-1152,P-10201,Consumer,West,Washington,Office Supplies,Binders,3,62.26,4,0.0,10.46,Credit Card,Second Class,2025,Jul,7,2025-07
ORD-00972,2024-03-18,2024-03-21,CUST-1278,P-10170,Home Office,West,Arizona,Technology,Computers,3,79.82,5,0.2,6.1,Cash on Delivery,Second Class,2024,Mar,3,2024-03
ORD-00973,2024-04-14,2024-04-18,CUST-1041,P-10197,Consumer,East,Massachusetts,Office Supplies,Appliances,4,102.79,5,0.3,-12.32,Credit Card,Standard Class,2024,Apr,4,2024-04
ORD-00974,2025-07-03,2025-07-04,CUST-1002,P-10350,Consumer,South,Virginia,Technology,Computers,1,65.36,5,0.05,9.71,Online,Same Day,2025,Jul,7,2025-07
ORD-00975,2025-12-28,2026-01-01,CUST-1206,P-10348,Home Office,West,Arizona,Office Supplies,Storage,4,66.32,2,0.3,-0.28,Credit Card,Same Day,2025,Dec,12,2025-12
ORD-00976,2024-05-08,2024-05-12,CUST-1121,P-10101,Corporate,Central,Wisconsin,Office Supplies,Binders,4,190.74,6,0.1,29.46,Credit Card,Standard Class,2024,May,5,2024-05
ORD-00977,2025-04-13,2025-04-15,CUST-1088,P-10163,Home Office,East,New York,Office Supplies,Binders,2,31.02,5,0.1,0.69,Credit Card,Standard Class,2025,Apr,4,2025-04
ORD-00978,2025-10-24,2025-10-28,CUST-1244,P-10107,Corporate,Central,Minnesota,Furniture,Bookcases,4,46.16,1,0.2,2.8,Credit Card,Second Class,2025,Oct,10,2025-10
ORD-00979,2024-05-31,2024-06-02,CUST-1002,P-10385,Home Office,Central,Illinois,Technology,Accessories,2,45.92,7,0.1,4.38,Credit Card,Standard Class,2024,May,5,2024-05
ORD-00980,2025-12-18,2025-12-24,CUST-1105,P-10214,Consumer,South,Virginia,Furniture,Chairs,6,18.34,2,0.15,0.82,Credit Card,Second Class,2025,Dec,12,2025-12
ORD-00981,2025-05-22,2025-05-28,CUST-1294,P-10289,Consumer,West,Nevada,Technology,Computers,6,46.37,6,0.35,11.22,Cash on Delivery,First Class,2025,May,5,2025-05
ORD-00982,2024-07-31,2024-08-06,CUST-1202,P-10458,Consumer,South,Virginia,Technology,Phones,6,291.93,5,0.35,10.26,Credit Card,First Class,2024,Jul,7,2024-07
ORD-00983,2024-07-15,2024-07-16,CUST-1177,P-10121,Home Office,South,North Carolina,Office Supplies,Binders,1,77.07,4,0.25,7.36,Online,Same Day,2024,Jul,7,2024-07
ORD-00984,2025-07-17,2025-07-19,CUST-1024,P-10156,Consumer,Central,Illinois,Technology,Computers,2,376.92,6,0.1,64.59,Credit Card,Same Day,2025,Jul,7,2025-07
ORD-00985,2025-12-29,2026-01-02,CUST-1166,P-10406,Corporate,South,Tennessee,Technology,Phones,4,63.15,6,0.15,1.16,Cash on Delivery,First Class,2025,Dec,12,2025-12
ORD-00986,2025-02-11,2025-02-14,CUST-1163,P-10032,Home Office,South,Georgia,Technology,Computers,3,62.36,5,0.25,13.57,Credit Card,First Class,2025,Feb,2,2025-02
ORD-00987,2024-04-06,2024-04-07,CUST-1194,P-10399,Corporate,South,Florida,Technology,Machines,1,60.81,1,0.05,7.85,Cash on Delivery,Same Day,2024,Apr,4,2024-04
ORD-00988,2025-03-19,2025-03-23,CUST-1291,P-10210,Consumer,Central,Missouri,Furniture,Bookcases,4,206.83,1,0.05,34.53,Cash on Delivery,Standard Class,2025,Mar,3,2025-03
ORD-00989,2024-06-13,2024-06-15,CUST-1235,P-10131,Home Office,South,Tennessee,Furniture,Bookcases,2,270.06,2,0.05,52.34,Credit Card,Same Day,2024,Jun,6,2024-06
ORD-00990,2025-01-18,2025-01-21,CUST-1204,P-10121,Consumer,West,Arizona,Furniture,Bookcases,3,84.67,7,0.05,0.5,Cash on Delivery,Second Class,2025,Jan,1,2025-01
ORD-00991,2025-11-15,2025-11-16,CUST-1273,P-10053,Corporate,West,Arizona,Furniture,Bookcases,1,133.85,8,0.3,-7.84,Online,Second Class,2025,Nov,11,2025-11
ORD-00992,2025-10-04,2025-10-06,CUST-1038,P-10337,Home Office,West,California,Technology,Machines,2,61.62,7,0.25,3.51,Credit Card,Standard Class,2025,Oct,10,2025-10
ORD-00993,2024-02-08,2024-02-12,CUST-1218,P-10429,Consumer,Central,Wisconsin,Technology,Phones,4,70.22,3,0.2,8.44,Cash on Delivery,Second Class,2024,Feb,2,2024-02
ORD-00994,2024-03-23,2024-03-29,CUST-1278,P-10468,Consumer,West,California,Furniture,Furnishings,6,149.91,2,0.3,20.65,Credit Card,Second Class,2024,Mar,3,2024-03
ORD-00995,2025-06-29,2025-07-03,CUST-1113,P-10443,Consumer,East,New Jersey,Technology,Machines,4,70.23,1,0.1,8.09,Cash on Delivery,Standard Class,2025,Jun,6,2025-06
ORD-00996,2025-04-23,2025-04-28,CUST-1099,P-10182,Corporate,East,Pennsylvania,Office Supplies,Binders,5,114.4,8,0.1,8.56,Credit Card,Second Class,2025,Apr,4,2025-04
ORD-00997,2024-08-29,2024-09-04,CUST-1179,P-10105,Corporate,East,Ohio,Office Supplies,Appliances,6,284.59,2,0.2,30.69,Cash on Delivery,Second Class,2024,Aug,8,2024-08
ORD-00998,2024-10-28,2024-11-01,CUST-1041,P-10301,Consumer,East,Massachusetts,Furniture,Chairs,4,565.1,1,0.2,37.62,Online,Standard Class,2024,Oct,10,2024-10
ORD-00999,2025-09-23,2025-09-26,CUST-1017,P-10384,Home Office,South,Virginia,Furniture,Tables,3,113.02,4,0.25,3.67,Cash on Delivery,Second Class,2025,Sep,9,2025-09
ORD-01000,2025-07-26,2025-07-31,CUST-1073,P-10347,Consumer,West,Washington,Office Supplies,Storage,5,67.02,4,0.35,3.68,Credit Card,Standard Class,2025,Jul,7,2025-07
ORD-01001,2025-02-25,2025-02-26,CUST-1025,P-10033,Corporate,East,Massachusetts,Office Supplies,Paper,1,116.72,2,0.05,36.55,Cash on Delivery,Second Class,2025,Feb,2,2025-02
ORD-01002,2024-02-27,2024-03-03,CUST-1162,P-10339,Consumer,Central,Wisconsin,Office Supplies,Paper,5,71.41,2,0.3,2.18,Credit Card,Standard Class,2024,Feb,2,2024-02
ORD-01003,2025-12-06,2025-12-12,CUST-1041,P-10462,Home Office,East,New Jersey,Furniture,Furnishings,6,73.09,8,0.1,3.5,Online,Standard Class,2025,Dec,12,2025-12
ORD-01004,2024-03-26,2024-04-01,CUST-1257,P-10150,Consumer,South,Virginia,Furniture,Tables,6,59.89,7,0.15,1.13,Cash on Delivery,Standard Class,2024,Mar,3,2024-03
ORD-01005,2025-04-21,2025-04-24,CUST-1107,P-10516,Corporate,East,Pennsylvania,Furniture,Tables,3,198.68,3,0.0,25.15,Online,Same Day,2025,Apr,4,2025-04
ORD-01006,2024-09-05,2024-09-07,CUST-1073,P-10095,Consumer,Central,Wisconsin,Technology,Machines,2,58.13,5,0.0,7.13,Online,Standard Class,2024,Sep,9,2024-09
ORD-01007,2025-01-28,2025-02-03,CUST-1221,P-10293,Consumer,East,Ohio,Furniture,Tables,6,56.5,3,0.1,12.65,Credit Card,First Class,2025,Jan,1,2025-01
ORD-01008,2025-06-28,2025-07-04,CUST-1258,P-10014,Corporate,Central,Missouri,Furniture,Furnishings,6,39.3,3,0.35,4.3,Online,First Class,2025,Jun,6,2025-06
ORD-01009,2024-12-08,2024-12-11,CUST-1190,P-10227,Corporate,Central,Minnesota,Furniture,Chairs,3,129.39,6,0.2,17.81,Online,Second Class,2024,Dec,12,2024-12
ORD-01010,2025-01-23,2025-01-28,CUST-1001,P-10047,Consumer,West,Nevada,Furniture,Tables,5,76.12,3,0.3,-3.55,Online,Second Class,2025,Jan,1,2025-01
ORD-01011,2025-10-13,2025-10-16,CUST-1270,P-10197,Corporate,Central,Illinois,Furniture,Furnishings,3,48.45,5,0.15,3.14,Cash on Delivery,Second Class,2025,Oct,10,2025-10
ORD-01012,2024-05-31,2024-06-02,CUST-1206,P-10225,Corporate,Central,Minnesota,Furniture,Bookcases,2,155.12,1,0.35,16.29,Cash on Delivery,First Class,2024,May,5,2024-05
ORD-01013,2025-02-05,2025-02-07,CUST-1179,P-10490,Consumer,West,Oregon,Office Supplies,Binders,2,52.78,6,0.0,8.06,Credit Card,First Class,2025,Feb,2,2025-02
ORD-01014,2024-01-11,2024-01-14,CUST-1079,P-10081,Home Office,Central,Texas,Technology,Phones,3,108.45,5,0.1,3.55,Cash on Delivery,Standard Class,2024,Jan,1,2024-01
ORD-01015,2024-03-16,2024-03-19,CUST-1149,P-10441,Corporate,East,New Jersey,Office Supplies,Binders,3,151.42,5,0.2,26.68,Online,First Class,2024,Mar,3,2024-03
ORD-01016,2025-04-04,2025-04-05,CUST-1188,P-10319,Home Office,Central,Illinois,Technology,Accessories,1,97.62,1,0.05,24.53,Online,Second Class,2025,Apr,4,2025-04
ORD-01017,2025-01-04,2025-01-06,CUST-1024,P-10339,Consumer,East,New Jersey,Technology,Phones,2,28.59,4,0.1,4.14,Cash on Delivery,First Class,2025,Jan,1,2025-01
ORD-01018,2025-06-10,2025-06-15,CUST-1299,P-10393,Consumer,Central,Minnesota,Office Supplies,Paper,5,32.71,2,0.25,0.58,Cash on Delivery,Standard Class,2025,Jun,6,2025-06
ORD-01019,2025-07-11,2025-07-14,CUST-1202,P-10480,Consumer,Central,Texas,Technology,Computers,3,232.78,7,0.25,45.29,Online,Second Class,2025,Jul,7,2025-07
ORD-01020,2025-02-12,2025-02-15,CUST-1004,P-10367,Corporate,South,North Carolina,Technology,Machines,3,102.44,1,0.35,3.36,Online,Second Class,2025,Feb,2,2025-02
ORD-01021,2024-11-28,2024-11-30,CUST-1063,P-10186,Home Office,South,Virginia,Office Supplies,Storage,2,161.36,1,0.1,25.15,Online,Same Day,2024,Nov,11,2024-11
ORD-01022,2024-10-13,2024-10-17,CUST-1122,P-10266,Consumer,West,Arizona,Furniture,Bookcases,4,66.77,7,0.2,2.3,Credit Card,Same Day,2024,Oct,10,2024-10
ORD-01023,2024-09-17,2024-09-23,CUST-1254,P-10310,Home Office,Central,Illinois,Office Supplies,Appliances,6,215.79,2,0.25,7.15,Cash on Delivery,First Class,2024,Sep,9,2024-09
ORD-01024,2025-05-31,2025-06-06,CUST-1261,P-10467,Consumer,West,Arizona,Technology,Computers,6,275.46,5,0.2,11.17,Online,Same Day,2025,May,5,2025-05
ORD-01025,2024-01-24,2024-01-28,CUST-1215,P-10064,Consumer,East,Massachusetts,Furniture,Tables,4,250.69,6,0.25,27.7,Online,Same Day,2024,Jan,1,2024-01
ORD-01026,2024-04-09,2024-04-11,CUST-1015,P-10064,Home Office,South,Georgia,Office Supplies,Storage,2,144.22,7,0.25,7.4,Cash on Delivery,Second Class,2024,Apr,4,2024-04
ORD-01027,2025-04-04,2025-04-10,CUST-1077,P-10279,Home Office,West,Washington,Technology,Computers,6,55.84,8,0.15,3.79,Credit Card,Second Class,2025,Apr,4,2025-04
ORD-01028,2025-06-13,2025-06-14,CUST-1103,P-10117,Consumer,East,Ohio,Technology,Machines,1,90.77,8,0.0,6.2,Credit Card,Same Day,2025,Jun,6,2025-06
ORD-01029,2025-03-25,2025-03-28,CUST-1146,P-10097,Corporate,South,North Carolina,Office Supplies,Storage,3,61.66,8,0.35,9.46,Cash on Delivery,Standard Class,2025,Mar,3,2025-03
ORD-01030,2025-02-27,2025-03-02,CUST-1039,P-10146,Home Office,East,Massachusetts,Furniture,Bookcases,3,46.66,7,0.35,-0.77,Credit Card,First Class,2025,Feb,2,2025-02
ORD-01031,2025-08-11,2025-08-14,CUST-1194,P-10476,Home Office,West,California,Technology,Machines,3,65.19,8,0.1,-3.04,Online,Second Class,2025,Aug,8,2025-08
ORD-01032,2024-01-13,2024-01-14,CUST-1156,P-10045,Consumer,West,California,Furniture,Tables,1,149.96,2,0.3,-2.63,Cash on Delivery,Same Day,2024,Jan,1,2024-01
ORD-01033,2025-12-11,2025-12-15,CUST-1268,P-10333,Corporate,West,Washington,Office Supplies,Appliances,4,205.04,6,0.3,-6.59,Cash on Delivery,First Class,2025,Dec,12,2025-12
ORD-01034,2025-05-19,2025-05-21,CUST-1005,P-10263,Corporate,Central,Texas,Furniture,Bookcases,2,90.4,5,0.15,7.89,Online,Standard Class,2025,May,5,2025-05
ORD-01035,2025-12-18,2025-12-20,CUST-1123,P-10091,Consumer,Central,Illinois,Furniture,Chairs,2,67.34,8,0.2,13.5,Cash on Delivery,First Class,2025,Dec,12,2025-12
ORD-01036,2024-06-01,2024-06-04,CUST-1254,P-10386,Home Office,West,Oregon,Technology,Phones,3,132.17,8,0.35,12.88,Online,First Class,2024,Jun,6,2024-06
ORD-01037,2025-07-29,2025-08-03,CUST-1210,P-10506,Consumer,South,Florida,Furniture,Furnishings,5,57.17,4,0.0,11.48,Cash on Delivery,Same Day,2025,Jul,7,2025-07
ORD-01038,2025-02-14,2025-02-17,CUST-1012,P-10021,Corporate,South,Georgia,Technology,Accessories,3,69.68,6,0.0,15.47,Cash on Delivery,Second Class,2025,Feb,2,2025-02
ORD-01039,2024-12-26,2024-12-28,CUST-1016,P-10102,Home Office,Central,Wisconsin,Office Supplies,Paper,2,93.55,4,0.15,15.15,Credit Card,Second Class,2024,Dec,12,2024-12
ORD-01040,2024-10-03,2024-10-06,CUST-1187,P-10406,Corporate,West,Arizona,Office Supplies,Appliances,3,35.64,5,0.35,4.77,Credit Card,Second Class,2024,Oct,10,2024-10
ORD-01041,2025-05-17,2025-05-20,CUST-1230,P-10184,Corporate,East,New Jersey,Furniture,Tables,3,65.93,7,0.2,8.64,Online,Second Class,2025,May,5,2025-05
ORD-01042,2024-10-13,2024-10-14,CUST-1211,P-10021,Home Office,West,Washington,Furniture,Chairs,1,21.7,8,0.0,-1.16,Cash on Delivery,Second Class,2024,Oct,10,2024-10
ORD-01043,2024-11-02,2024-11-04,CUST-1244,P-10471,Corporate,East,New York,Technology,Phones,2,101.55,6,0.15,19.61,Cash on Delivery,Second Class,2024,Nov,11,2024-11
ORD-01044,2024-03-19,2024-03-22,CUST-1167,P-10548,Corporate,West,Washington,Furniture,Chairs,3,142.68,4,0.3,13.8,Cash on Delivery,Second Class,2024,Mar,3,2024-03
ORD-01045,2024-04-09,2024-04-13,CUST-1187,P-10031,Consumer,South,Georgia,Technology,Computers,4,18.75,4,0.15,1.86,Cash on Delivery,Second Class,2024,Apr,4,2024-04
ORD-01046,2024-09-10,2024-09-12,CUST-1077,P-10395,Consumer,West,Arizona,Office Supplies,Binders,2,78.95,7,0.15,9.8,Cash on Delivery,Second Class,2024,Sep,9,2024-09
ORD-01047,2025-01-16,2025-01-20,CUST-1189,P-10301,Consumer,Central,Illinois,Furniture,Furnishings,4,138.02,8,0.15,9.52,Credit Card,Second Class,2025,Jan,1,2025-01
ORD-01048,2025-08-06,2025-08-09,CUST-1189,P-10246,Consumer,South,Virginia,Technology,Computers,3,70.77,1,0.05,11.57,Online,Standard Class,2025,Aug,8,2025-08
ORD-01049,2025-09-24,2025-09-25,CUST-1076,P-10110,Home Office,East,New York,Furniture,Furnishings,1,38.88,1,0.35,0.92,Cash on Delivery,Second Class,2025,Sep,9,2025-09
ORD-01050,2024-03-10,2024-03-16,CUST-1295,P-10058,Home Office,East,New Jersey,Technology,Accessories,6,72.29,7,0.3,0.39,Cash on Delivery,Same Day,2024,Mar,3,2024-03
ORD-01051,2024-10-17,2024-10-20,CUST-1171,P-10025,Corporate,Central,Missouri,Technology,Accessories,3,40.62,6,0.25,2.04,Online,Standard Class,2024,Oct,10,2024-10
ORD-01052,2025-06-22,2025-06-25,CUST-1008,P-10082,Consumer,East,New York,Technology,Machines,3,173.34,4,0.0,39.23,Online,Second Class,2025,Jun,6,2025-06
ORD-01053,2024-04-07,2024-04-10,CUST-1110,P-10525,Consumer,South,Georgia,Furniture,Furnishings,3,26.57,5,0.0,1.39,Credit Card,First Class,2024,Apr,4,2024-04
ORD-01054,2024-02-01,2024-02-07,CUST-1016,P-10327,Consumer,East,New Jersey,Technology,Accessories,6,26.48,4,0.1,1.11,Credit Card,Second Class,2024,Feb,2,2024-02
ORD-01055,2024-10-18,2024-10-19,CUST-1199,P-10418,Corporate,South,North Carolina,Technology,Computers,1,132.95,7,0.2,12.84,Cash on Delivery,Standard Class,2024,Oct,10,2024-10
ORD-01056,2024-02-17,2024-02-18,CUST-1118,P-10191,Consumer,East,New Jersey,Furniture,Furnishings,1,175.14,4,0.1,12.65,Credit Card,Second Class,2024,Feb,2,2024-02
ORD-01057,2024-01-30,2024-01-31,CUST-1287,P-10029,Consumer,Central,Minnesota,Office Supplies,Appliances,1,87.69,7,0.25,9.07,Credit Card,Second Class,2024,Jan,1,2024-01
ORD-01058,2024-07-02,2024-07-05,CUST-1202,P-10208,Corporate,South,Georgia,Furniture,Bookcases,3,47.15,2,0.15,7.23,Credit Card,Same Day,2024,Jul,7,2024-07
ORD-01059,2025-11-13,2025-11-18,CUST-1200,P-10088,Corporate,East,Ohio,Technology,Machines,5,72.97,3,0.15,6.97,Cash on Delivery,Standard Class,2025,Nov,11,2025-11
ORD-01060,2024-06-25,2024-06-28,CUST-1242,P-10037,Corporate,Central,Illinois,Technology,Accessories,3,129.99,8,0.3,22.62,Cash on Delivery,Standard Class,2024,Jun,6,2024-06
ORD-01061,2025-05-23,2025-05-26,CUST-1182,P-10323,Consumer,Central,Illinois,Technology,Machines,3,139.08,1,0.15,-0.02,Online,Second Class,2025,May,5,2025-05
ORD-01062,2024-04-17,2024-04-21,CUST-1170,P-10200,Consumer,West,Washington,Furniture,Tables,4,72.07,4,0.05,9.07,Cash on Delivery,First Class,2024,Apr,4,2024-04
ORD-01063,2024-01-31,2024-02-06,CUST-1217,P-10108,Consumer,Central,Texas,Furniture,Furnishings,6,128.28,6,0.1,15.97,Online,First Class,2024,Jan,1,2024-01
ORD-01064,2025-04-11,2025-04-14,CUST-1260,P-10191,Corporate,Central,Wisconsin,Technology,Machines,3,334.88,8,0.35,4.11,Credit Card,Second Class,2025,Apr,4,2025-04
ORD-01065,2024-12-02,2024-12-05,CUST-1048,P-10021,Corporate,West,California,Technology,Accessories,3,27.37,1,0.0,-0.88,Credit Card,Same Day,2024,Dec,12,2024-12
ORD-01066,2024-07-05,2024-07-08,CUST-1220,P-10054,Consumer,West,Nevada,Furniture,Bookcases,3,21.45,1,0.25,4.35,Credit Card,Standard Class,2024,Jul,7,2024-07
ORD-01067,2025-09-12,2025-09-17,CUST-1125,P-10185,Home Office,Central,Texas,Office Supplies,Storage,5,200.04,2,0.0,19.05,Online,Same Day,2025,Sep,9,2025-09
ORD-01068,2024-06-12,2024-06-15,CUST-1104,P-10452,Corporate,East,Ohio,Office Supplies,Binders,3,42.22,5,0.15,4.13,Cash on Delivery,First Class,2024,Jun,6,2024-06
ORD-01069,2025-11-27,2025-12-01,CUST-1277,P-10095,Corporate,West,Oregon,Furniture,Furnishings,4,101.46,2,0.3,6.95,Cash on Delivery,Standard Class,2025,Nov,11,2025-11
ORD-01070,2025-09-11,2025-09-14,CUST-1260,P-10376,Corporate,South,North Carolina,Technology,Phones,3,188.84,4,0.25,2.46,Cash on Delivery,Same Day,2025,Sep,9,2025-09
ORD-01071,2025-01-24,2025-01-29,CUST-1274,P-10286,Home Office,Central,Minnesota,Technology,Computers,5,413.74,8,0.1,83.19,Online,Standard Class,2025,Jan,1,2025-01
ORD-01072,2024-11-01,2024-11-04,CUST-1241,P-10392,Consumer,Central,Wisconsin,Office Supplies,Storage,3,31.04,1,0.15,2.77,Credit Card,Second Class,2024,Nov,11,2024-11
ORD-01073,2024-06-08,2024-06-13,CUST-1155,P-10544,Consumer,East,Ohio,Technology,Machines,5,93.62,2,0.1,15.82,Online,Standard Class,2024,Jun,6,2024-06
ORD-01074,2025-08-27,2025-08-30,CUST-1038,P-10057,Home Office,West,Oregon,Furniture,Furnishings,3,42.07,4,0.15,1.13,Cash on Delivery,First Class,2025,Aug,8,2025-08
ORD-01075,2024-04-17,2024-04-19,CUST-1006,P-10295,Corporate,East,New Jersey,Technology,Phones,2,70.32,3,0.1,9.8,Cash on Delivery,Same Day,2024,Apr,4,2024-04
ORD-01076,2025-07-31,2025-08-03,CUST-1266,P-10218,Consumer,South,Virginia,Furniture,Bookcases,3,81.4,3,0.1,16.54,Credit Card,Second Class,2025,Jul,7,2025-07
ORD-01077,2024-10-13,2024-10-18,CUST-1148,P-10177,Home Office,Central,Wisconsin,Technology,Machines,5,93.77,4,0.05,17.98,Cash on Delivery,Second Class,2024,Oct,10,2024-10
ORD-01078,2024-12-31,2025-01-04,CUST-1292,P-10198,Corporate,West,Washington,Technology,Accessories,4,67.41,7,0.2,6.65,Online,Second Class,2024,Dec,12,2024-12
ORD-01079,2024-05-24,2024-05-28,CUST-1120,P-10548,Consumer,South,Tennessee,Technology,Accessories,4,117.01,4,0.15,10.46,Online,Second Class,2024,May,5,2024-05
ORD-01080,2024-08-13,2024-08-15,CUST-1158,P-10487,Corporate,South,Florida,Office Supplies,Appliances,2,64.67,8,0.0,-4.06,Online,Same Day,2024,Aug,8,2024-08
ORD-01081,2025-04-23,2025-04-27,CUST-1037,P-10148,Home Office,West,California,Technology,Accessories,4,57.24,4,0.1,8.99,Online,Same Day,2025,Apr,4,2025-04
ORD-01082,2025-10-03,2025-10-06,CUST-1041,P-10417,Home Office,West,California,Furniture,Chairs,3,134.45,2,0.2,16.01,Cash on Delivery,First Class,2025,Oct,10,2025-10
ORD-01083,2025-02-28,2025-03-01,CUST-1033,P-10191,Corporate,West,Nevada,Office Supplies,Binders,1,54.36,4,0.1,4.7,Credit Card,Same Day,2025,Feb,2,2025-02
ORD-01084,2025-12-30,2026-01-03,CUST-1003,P-10033,Corporate,East,New Jersey,Office Supplies,Binders,4,174.32,2,0.05,-12.51,Cash on Delivery,Same Day,2025,Dec,12,2025-12
ORD-01085,2025-02-09,2025-02-13,CUST-1205,P-10540,Corporate,Central,Missouri,Technology,Accessories,4,80.86,7,0.2,2.62,Online,Second Class,2025,Feb,2,2025-02
ORD-01086,2024-10-24,2024-10-29,CUST-1100,P-10272,Consumer,South,Georgia,Office Supplies,Storage,5,79.35,4,0.0,15.2,Cash on Delivery,Standard Class,2024,Oct,10,2024-10
ORD-01087,2025-12-15,2025-12-18,CUST-1262,P-10350,Corporate,Central,Illinois,Furniture,Furnishings,3,180.56,1,0.25,9.7,Cash on Delivery,First Class,2025,Dec,12,2025-12
ORD-01088,2024-04-03,2024-04-06,CUST-1276,P-10254,Home Office,West,California,Furniture,Furnishings,3,125.97,2,0.0,14.33,Credit Card,Standard Class,2024,Apr,4,2024-04
ORD-01089,2024-05-24,2024-05-27,CUST-1035,P-10224,Corporate,West,Oregon,Furniture,Bookcases,3,52.29,2,0.05,16.8,Online,Standard Class,2024,May,5,2024-05
ORD-01090,2024-12-19,2024-12-24,CUST-1234,P-10385,Corporate,South,Florida,Technology,Accessories,5,194.48,5,0.35,35.62,Online,First Class,2024,Dec,12,2024-12
ORD-01091,2025-11-11,2025-11-15,CUST-1275,P-10360,Home Office,South,Georgia,Furniture,Tables,4,82.29,6,0.35,11.61,Cash on Delivery,Second Class,2025,Nov,11,2025-11
ORD-01092,2024-08-21,2024-08-23,CUST-1131,P-10224,Corporate,Central,Wisconsin,Furniture,Furnishings,2,55.49,4,0.3,5.43,Online,Second Class,2024,Aug,8,2024-08
ORD-01093,2024-06-18,2024-06-22,CUST-1010,P-10054,Consumer,South,Virginia,Office Supplies,Binders,4,29.18,6,0.35,3.44,Online,Second Class,2024,Jun,6,2024-06
ORD-01094,2025-01-02,2025-01-08,CUST-1087,P-10202,Home Office,South,Florida,Furniture,Furnishings,6,45.81,4,0.35,4.12,Cash on Delivery,Standard Class,2025,Jan,1,2025-01
ORD-01095,2025-01-30,2025-02-03,CUST-1174,P-10350,Home Office,South,Tennessee,Technology,Accessories,4,153.21,5,0.1,13.21,Online,First Class,2025,Jan,1,2025-01
ORD-01096,2025-12-27,2026-01-01,CUST-1155,P-10065,Home Office,East,Pennsylvania,Office Supplies,Storage,5,290.72,1,0.35,48.11,Online,Second Class,2025,Dec,12,2025-12
ORD-01097,2025-08-20,2025-08-25,CUST-1219,P-10522,Consumer,Central,Illinois,Technology,Machines,5,90.42,4,0.1,-1.24,Cash on Delivery,Same Day,2025,Aug,8,2025-08
ORD-01098,2025-04-21,2025-04-25,CUST-1079,P-10179,Home Office,West,Nevada,Office Supplies,Storage,4,165.3,5,0.0,10.45,Cash on Delivery,Same Day,2025,Apr,4,2025-04
ORD-01099,2024-11-11,2024-11-15,CUST-1042,P-10440,Consumer,South,Tennessee,Furniture,Bookcases,4,62.97,7,0.1,-4.28,Cash on Delivery,Same Day,2024,Nov,11,2024-11
ORD-01100,2025-08-24,2025-08-29,CUST-1267,P-10060,Home Office,Central,Texas,Furniture,Bookcases,5,77.69,6,0.2,13.56,Credit Card,Standard Class,2025,Aug,8,2025-08
ORD-01101,2025-12-24,2025-12-29,CUST-1061,P-10039,Corporate,Central,Minnesota,Office Supplies,Storage,5,78.68,6,0.3,7.26,Cash on Delivery,Second Class,2025,Dec,12,2025-12
ORD-01102,2024-04-25,2024-04-27,CUST-1039,P-10317,Consumer,East,Massachusetts,Office Supplies,Storage,2,28.84,1,0.35,-0.3,Credit Card,Same Day,2024,Apr,4,2024-04
ORD-01103,2025-07-20,2025-07-26,CUST-1087,P-10529,Consumer,South,North Carolina,Furniture,Chairs,6,55.13,1,0.05,7.9,Online,Same Day,2025,Jul,7,2025-07
ORD-01104,2025-12-20,2025-12-23,CUST-1063,P-10135,Consumer,South,Virginia,Office Supplies,Binders,3,49.33,3,0.2,1.02,Credit Card,Same Day,2025,Dec,12,2025-12
ORD-01105,2024-01-28,2024-02-01,CUST-1226,P-10527,Home Office,South,Florida,Office Supplies,Binders,4,58.47,5,0.05,5.99,Cash on Delivery,Second Class,2024,Jan,1,2024-01
ORD-01106,2025-02-16,2025-02-19,CUST-1281,P-10195,Consumer,South,Tennessee,Technology,Accessories,3,95.54,2,0.15,25.74,Cash on Delivery,Same Day,2025,Feb,2,2025-02
ORD-01107,2024-06-16,2024-06-21,CUST-1087,P-10547,Corporate,West,Oregon,Office Supplies,Paper,5,32.16,5,0.35,2.01,Online,First Class,2024,Jun,6,2024-06
ORD-01108,2024-04-21,2024-04-24,CUST-1277,P-10276,Consumer,West,Washington,Office Supplies,Appliances,3,99.06,5,0.3,9.76,Online,Second Class,2024,Apr,4,2024-04
ORD-01109,2024-12-10,2024-12-12,CUST-1204,P-10477,Home Office,West,California,Technology,Machines,2,170.0,7,0.3,13.66,Credit Card,Second Class,2024,Dec,12,2024-12
ORD-01110,2025-06-11,2025-06-14,CUST-1186,P-10342,Consumer,West,Washington,Technology,Accessories,3,16.15,2,0.15,1.97,Cash on Delivery,Standard Class,2025,Jun,6,2025-06
ORD-01111,2024-02-21,2024-02-24,CUST-1218,P-10115,Home Office,East,Ohio,Furniture,Bookcases,3,66.75,1,0.25,4.15,Online,Same Day,2024,Feb,2,2024-02
ORD-01112,2025-10-09,2025-10-13,CUST-1113,P-10499,Corporate,Central,Wisconsin,Technology,Computers,4,14.41,5,0.2,0.69,Credit Card,Second Class,2025,Oct,10,2025-10
ORD-01113,2025-09-15,2025-09-18,CUST-1286,P-10439,Corporate,East,Massachusetts,Furniture,Furnishings,3,77.95,7,0.3,17.42,Cash on Delivery,First Class,2025,Sep,9,2025-09
ORD-01114,2025-11-06,2025-11-09,CUST-1128,P-10258,Home Office,South,Tennessee,Technology,Machines,3,250.47,3,0.1,22.59,Online,Same Day,2025,Nov,11,2025-11
ORD-01115,2025-03-26,2025-03-29,CUST-1271,P-10034,Consumer,South,North Carolina,Technology,Computers,3,113.31,6,0.3,-2.07,Cash on Delivery,Same Day,2025,Mar,3,2025-03
ORD-01116,2024-11-21,2024-11-25,CUST-1174,P-10374,Corporate,West,Arizona,Furniture,Tables,4,92.71,3,0.25,3.89,Credit Card,Second Class,2024,Nov,11,2024-11
ORD-01117,2024-04-12,2024-04-15,CUST-1181,P-10281,Consumer,East,New York,Furniture,Furnishings,3,177.82,2,0.1,10.52,Credit Card,First Class,2024,Apr,4,2024-04
ORD-01118,2024-09-26,2024-09-28,CUST-1287,P-10226,Consumer,Central,Wisconsin,Technology,Machines,2,68.77,6,0.05,8.88,Cash on Delivery,Same Day,2024,Sep,9,2024-09
ORD-01119,2025-02-24,2025-03-02,CUST-1293,P-10155,Corporate,South,Georgia,Technology,Machines,6,33.0,8,0.1,9.57,Online,Same Day,2025,Feb,2,2025-02
ORD-01120,2025-02-24,2025-03-01,CUST-1051,P-10503,Corporate,East,Massachusetts,Technology,Machines,5,27.53,8,0.1,5.83,Cash on Delivery,Second Class,2025,Feb,2,2025-02
ORD-01121,2024-01-10,2024-01-14,CUST-1195,P-10173,Corporate,East,New Jersey,Furniture,Furnishings,4,49.49,3,0.15,-2.74,Cash on Delivery,Same Day,2024,Jan,1,2024-01
ORD-01122,2024-01-01,2024-01-03,CUST-1239,P-10207,Home Office,South,North Carolina,Office Supplies,Storage,2,76.26,2,0.0,22.4,Cash on Delivery,Second Class,2024,Jan,1,2024-01
ORD-01123,2025-08-04,2025-08-06,CUST-1049,P-10528,Corporate,South,Tennessee,Office Supplies,Binders,2,189.05,4,0.25,16.46,Credit Card,Standard Class,2025,Aug,8,2025-08
ORD-01124,2024-09-23,2024-09-27,CUST-1026,P-10020,Consumer,East,Massachusetts,Office Supplies,Paper,4,169.24,2,0.3,6.82,Online,Second Class,2024,Sep,9,2024-09
ORD-01125,2024-03-25,2024-03-30,CUST-1095,P-10148,Home Office,Central,Wisconsin,Office Supplies,Appliances,5,191.71,2,0.05,12.55,Credit Card,Same Day,2024,Mar,3,2024-03
ORD-01126,2025-11-07,2025-11-13,CUST-1248,P-10529,Corporate,West,California,Technology,Computers,6,88.25,8,0.35,0.78,Cash on Delivery,Second Class,2025,Nov,11,2025-11
ORD-01127,2025-02-02,2025-02-04,CUST-1161,P-10098,Home Office,East,Ohio,Office Supplies,Storage,2,179.88,2,0.15,-11.94,Credit Card,Second Class,2025,Feb,2,2025-02
ORD-01128,2024-01-16,2024-01-22,CUST-1091,P-10047,Home Office,West,Arizona,Office Supplies,Storage,6,77.01,5,0.2,7.92,Online,Second Class,2024,Jan,1,2024-01
ORD-01129,2024-12-25,2024-12-26,CUST-1036,P-10156,Corporate,Central,Texas,Furniture,Tables,1,34.18,1,0.15,1.25,Credit Card,First Class,2024,Dec,12,2024-12
ORD-01130,2024-01-04,2024-01-08,CUST-1098,P-10322,Corporate,East,Ohio,Furniture,Chairs,4,87.21,8,0.0,15.54,Cash on Delivery,Second Class,2024,Jan,1,2024-01
ORD-01131,2025-02-08,2025-02-10,CUST-1136,P-10292,Home Office,South,Florida,Office Supplies,Binders,2,19.19,1,0.35,0.2,Cash on Delivery,First Class,2025,Feb,2,2025-02
ORD-01132,2025-05-22,2025-05-26,CUST-1051,P-10498,Consumer,West,Oregon,Furniture,Bookcases,4,108.38,5,0.0,18.84,Cash on Delivery,Second Class,2025,May,5,2025-05
ORD-01133,2024-12-17,2024-12-22,CUST-1261,P-10385,Home Office,South,Florida,Technology,Computers,5,51.45,5,0.25,-4.35,Credit Card,First Class,2024,Dec,12,2024-12
ORD-01134,2024-04-24,2024-04-27,CUST-1057,P-10541,Consumer,West,Oregon,Technology,Computers,3,85.45,6,0.25,19.91,Cash on Delivery,Same Day,2024,Apr,4,2024-04
ORD-01135,2024-10-06,2024-10-09,CUST-1257,P-10418,Home Office,South,Tennessee,Technology,Machines,3,43.85,5,0.15,2.67,Online,Standard Class,2024,Oct,10,2024-10
ORD-01136,2024-07-04,2024-07-08,CUST-1057,P-10053,Consumer,East,New York,Office Supplies,Paper,4,240.52,8,0.1,27.21,Credit Card,First Class,2024,Jul,7,2024-07
ORD-01137,2024-07-22,2024-07-25,CUST-1046,P-10300,Home Office,South,North Carolina,Office Supplies,Binders,3,85.24,5,0.05,20.2,Credit Card,Standard Class,2024,Jul,7,2024-07
ORD-01138,2024-09-20,2024-09-22,CUST-1141,P-10339,Corporate,West,California,Office Supplies,Paper,2,101.78,8,0.35,-2.8,Cash on Delivery,Same Day,2024,Sep,9,2024-09
ORD-01139,2024-05-24,2024-05-29,CUST-1153,P-10018,Home Office,South,Virginia,Office Supplies,Paper,5,106.49,6,0.25,-9.61,Credit Card,Standard Class,2024,May,5,2024-05
ORD-01140,2024-06-10,2024-06-15,CUST-1225,P-10521,Corporate,West,Nevada,Office Supplies,Appliances,5,129.45,4,0.35,-3.86,Cash on Delivery,Same Day,2024,Jun,6,2024-06
ORD-01141,2024-04-14,2024-04-19,CUST-1197,P-10002,Home Office,South,Tennessee,Technology,Computers,5,238.74,8,0.35,18.33,Online,Same Day,2024,Apr,4,2024-04
ORD-01142,2024-12-18,2024-12-21,CUST-1109,P-10243,Consumer,West,Oregon,Office Supplies,Appliances,3,80.95,8,0.05,18.05,Credit Card,Second Class,2024,Dec,12,2024-12
ORD-01143,2025-12-29,2026-01-03,CUST-1024,P-10522,Consumer,West,Oregon,Office Supplies,Paper,5,84.79,2,0.35,-2.0,Credit Card,First Class,2025,Dec,12,2025-12
ORD-01144,2024-12-14,2024-12-17,CUST-1135,P-10534,Consumer,East,Ohio,Office Supplies,Binders,3,59.84,8,0.2,11.8,Cash on Delivery,First Class,2024,Dec,12,2024-12
ORD-01145,2024-11-07,2024-11-08,CUST-1044,P-10244,Consumer,South,Florida,Office Supplies,Appliances,1,87.9,1,0.2,3.94,Online,First Class,2024,Nov,11,2024-11
ORD-01146,2025-04-03,2025-04-05,CUST-1069,P-10021,Consumer,Central,Texas,Furniture,Bookcases,2,29.69,2,0.05,6.07,Online,Same Day,2025,Apr,4,2025-04
ORD-01147,2024-06-15,2024-06-21,CUST-1255,P-10169,Consumer,East,Massachusetts,Technology,Machines,6,31.37,7,0.3,-0.0,Credit Card,Same Day,2024,Jun,6,2024-06
ORD-01148,2024-08-16,2024-08-20,CUST-1214,P-10365,Corporate,West,Arizona,Office Supplies,Binders,4,113.79,2,0.3,11.84,Credit Card,Second Class,2024,Aug,8,2024-08
ORD-01149,2025-04-22,2025-04-26,CUST-1263,P-10452,Home Office,South,Georgia,Technology,Phones,4,7.75,8,0.05,1.76,Cash on Delivery,First Class,2025,Apr,4,2025-04
ORD-01150,2024-01-26,2024-01-27,CUST-1234,P-10249,Home Office,East,New Jersey,Office Supplies,Binders,1,114.91,2,0.35,-3.98,Online,Second Class,2024,Jan,1,2024-01
ORD-01151,2025-05-14,2025-05-16,CUST-1038,P-10540,Consumer,East,New Jersey,Office Supplies,Appliances,2,234.86,8,0.2,24.2,Cash on Delivery,Standard Class,2025,May,5,2025-05
ORD-01152,2024-01-17,2024-01-22,CUST-1008,P-10129,Corporate,West,Arizona,Office Supplies,Appliances,5,58.64,1,0.3,0.92,Credit Card,Standard Class,2024,Jan,1,2024-01
ORD-01153,2025-08-07,2025-08-12,CUST-1072,P-10220,Consumer,East,New Jersey,Office Supplies,Storage,5,51.9,8,0.3,1.94,Cash on Delivery,Standard Class,2025,Aug,8,2025-08
ORD-01154,2025-12-28,2026-01-01,CUST-1197,P-10284,Home Office,West,Oregon,Technology,Accessories,4,112.14,4,0.1,5.65,Cash on Delivery,Second Class,2025,Dec,12,2025-12
ORD-01155,2024-02-07,2024-02-11,CUST-1080,P-10017,Corporate,South,North Carolina,Furniture,Chairs,4,144.85,8,0.05,4.58,Cash on Delivery,Second Class,2024,Feb,2,2024-02
ORD-01156,2025-03-07,2025-03-11,CUST-1222,P-10278,Consumer,South,North Carolina,Technology,Computers,4,202.76,3,0.1,37.48,Credit Card,Standard Class,2025,Mar,3,2025-03
ORD-01157,2025-06-21,2025-06-24,CUST-1161,P-10230,Consumer,Central,Texas,Furniture,Furnishings,3,138.21,2,0.35,-15.76,Cash on Delivery,First Class,2025,Jun,6,2025-06
ORD-01158,2024-07-10,2024-07-13,CUST-1242,P-10199,Corporate,Central,Wisconsin,Office Supplies,Binders,3,220.34,3,0.3,11.25,Online,Same Day,2024,Jul,7,2024-07
ORD-01159,2024-09-26,2024-09-28,CUST-1157,P-10317,Corporate,Central,Texas,Office Supplies,Storage,2,71.45,5,0.1,16.67,Cash on Delivery,Standard Class,2024,Sep,9,2024-09
ORD-01160,2024-07-18,2024-07-22,CUST-1223,P-10047,Consumer,East,Pennsylvania,Technology,Accessories,4,36.48,3,0.25,4.72,Credit Card,First Class,2024,Jul,7,2024-07
ORD-01161,2024-12-27,2024-12-31,CUST-1293,P-10271,Corporate,East,New York,Technology,Computers,4,279.25,1,0.05,40.97,Credit Card,Same Day,2024,Dec,12,2024-12
ORD-01162,2024-12-22,2024-12-23,CUST-1079,P-10004,Home Office,Central,Missouri,Furniture,Tables,1,43.99,1,0.05,4.52,Cash on Delivery,Same Day,2024,Dec,12,2024-12
ORD-01163,2024-06-23,2024-06-27,CUST-1260,P-10132,Corporate,West,Washington,Furniture,Chairs,4,261.72,5,0.3,-19.46,Online,Same Day,2024,Jun,6,2024-06
ORD-01164,2025-10-03,2025-10-05,CUST-1239,P-10311,Corporate,West,Oregon,Technology,Machines,2,59.09,8,0.35,5.81,Cash on Delivery,Second Class,2025,Oct,10,2025-10
ORD-01165,2025-02-14,2025-02-16,CUST-1144,P-10231,Home Office,Central,Illinois,Technology,Accessories,2,102.87,1,0.1,9.48,Online,Same Day,2025,Feb,2,2025-02
ORD-01166,2024-11-24,2024-11-27,CUST-1002,P-10158,Corporate,South,Tennessee,Technology,Computers,3,123.38,7,0.35,17.22,Credit Card,Same Day,2024,Nov,11,2024-11
ORD-01167,2024-06-12,2024-06-18,CUST-1148,P-10420,Consumer,West,Washington,Office Supplies,Paper,6,55.5,6,0.35,-11.29,Cash on Delivery,Standard Class,2024,Jun,6,2024-06
ORD-01168,2025-08-02,2025-08-05,CUST-1125,P-10061,Corporate,South,Florida,Office Supplies,Storage,3,103.53,7,0.05,20.12,Online,Same Day,2025,Aug,8,2025-08
ORD-01169,2025-01-26,2025-01-30,CUST-1221,P-10012,Home Office,West,California,Office Supplies,Storage,4,42.34,3,0.05,3.38,Cash on Delivery,First Class,2025,Jan,1,2025-01
ORD-01170,2024-11-08,2024-11-09,CUST-1054,P-10446,Corporate,East,Massachusetts,Office Supplies,Paper,1,42.56,3,0.15,2.03,Cash on Delivery,Second Class,2024,Nov,11,2024-11
ORD-01171,2025-02-17,2025-02-18,CUST-1180,P-10345,Corporate,Central,Minnesota,Technology,Machines,1,64.72,2,0.35,1.89,Online,First Class,2025,Feb,2,2025-02
ORD-01172,2025-04-18,2025-04-23,CUST-1099,P-10429,Corporate,East,New Jersey,Technology,Computers,5,237.2,8,0.05,8.86,Online,Second Class,2025,Apr,4,2025-04
ORD-01173,2024-09-09,2024-09-12,CUST-1206,P-10375,Home Office,East,New York,Office Supplies,Paper,3,39.34,3,0.35,-3.11,Online,Same Day,2024,Sep,9,2024-09
ORD-01174,2024-03-20,2024-03-21,CUST-1036,P-10186,Consumer,East,New York,Office Supplies,Appliances,1,44.22,1,0.25,7.95,Cash on Delivery,Second Class,2024,Mar,3,2024-03
ORD-01175,2024-07-01,2024-07-04,CUST-1215,P-10240,Home Office,South,Virginia,Office Supplies,Paper,3,163.34,8,0.15,1.68,Credit Card,Second Class,2024,Jul,7,2024-07
ORD-01176,2025-06-30,2025-07-03,CUST-1085,P-10247,Corporate,West,California,Furniture,Bookcases,3,55.23,3,0.25,-3.75,Cash on Delivery,Same Day,2025,Jun,6,2025-06
ORD-01177,2025-04-24,2025-04-26,CUST-1278,P-10490,Home Office,Central,Wisconsin,Furniture,Furnishings,2,23.55,8,0.0,1.41,Cash on Delivery,Standard Class,2025,Apr,4,2025-04
ORD-01178,2024-07-19,2024-07-25,CUST-1164,P-10004,Home Office,Central,Minnesota,Office Supplies,Storage,6,20.5,6,0.2,0.77,Credit Card,First Class,2024,Jul,7,2024-07
ORD-01179,2024-08-30,2024-09-01,CUST-1031,P-10114,Corporate,Central,Minnesota,Technology,Accessories,2,75.72,5,0.35,5.46,Cash on Delivery,Same Day,2024,Aug,8,2024-08
ORD-01180,2025-04-29,2025-05-04,CUST-1128,P-10053,Home Office,West,Arizona,Office Supplies,Binders,5,155.24,8,0.15,1.05,Online,Second Class,2025,Apr,4,2025-04
ORD-01181,2024-09-04,2024-09-08,CUST-1297,P-10528,Consumer,West,California,Office Supplies,Paper,4,93.83,7,0.2,3.34,Cash on Delivery,Standard Class,2024,Sep,9,2024-09
ORD-01182,2025-08-14,2025-08-17,CUST-1003,P-10279,Corporate,Central,Wisconsin,Furniture,Chairs,3,24.33,2,0.0,5.69,Online,Second Class,2025,Aug,8,2025-08
ORD-01183,2025-10-04,2025-10-09,CUST-1042,P-10345,Consumer,East,New Jersey,Furniture,Chairs,5,47.82,1,0.15,2.23,Credit Card,Standard Class,2025,Oct,10,2025-10
ORD-01184,2025-09-04,2025-09-07,CUST-1270,P-10481,Consumer,South,Florida,Technology,Accessories,3,64.5,3,0.15,11.61,Cash on Delivery,Second Class,2025,Sep,9,2025-09
ORD-01185,2024-07-01,2024-07-07,CUST-1156,P-10360,Home Office,East,Ohio,Furniture,Furnishings,6,52.52,7,0.15,5.11,Credit Card,Same Day,2024,Jul,7,2024-07
ORD-01186,2025-08-03,2025-08-08,CUST-1255,P-10375,Corporate,West,Washington,Furniture,Furnishings,5,87.55,4,0.25,5.57,Online,Standard Class,2025,Aug,8,2025-08
ORD-01187,2025-09-05,2025-09-10,CUST-1098,P-10397,Home Office,South,Tennessee,Furniture,Chairs,5,232.55,4,0.2,11.15,Online,First Class,2025,Sep,9,2025-09
ORD-01188,2025-03-31,2025-04-02,CUST-1287,P-10115,Corporate,East,Pennsylvania,Office Supplies,Storage,2,48.2,4,0.3,6.79,Credit Card,Standard Class,2025,Mar,3,2025-03
ORD-01189,2025-10-10,2025-10-16,CUST-1211,P-10169,Consumer,West,Nevada,Office Supplies,Appliances,6,132.15,5,0.1,1.76,Online,Standard Class,2025,Oct,10,2025-10
ORD-01190,2024-10-29,2024-11-02,CUST-1084,P-10313,Corporate,East,Pennsylvania,Furniture,Tables,4,125.75,7,0.2,0.08,Cash on Delivery,First Class,2024,Oct,10,2024-10
ORD-01191,2025-01-27,2025-01-31,CUST-1084,P-10506,Consumer,East,Pennsylvania,Technology,Accessories,4,113.24,8,0.1,23.21,Online,Second Class,2025,Jan,1,2025-01
ORD-01192,2025-09-05,2025-09-09,CUST-1240,P-10084,Corporate,Central,Texas,Office Supplies,Binders,4,106.59,5,0.05,12.54,Online,First Class,2025,Sep,9,2025-09
ORD-01193,2025-01-05,2025-01-08,CUST-1138,P-10416,Corporate,East,New Jersey,Technology,Machines,3,34.68,8,0.2,8.91,Cash on Delivery,First Class,2025,Jan,1,2025-01
ORD-01194,2025-10-12,2025-10-15,CUST-1113,P-10326,Home Office,Central,Illinois,Furniture,Chairs,3,58.1,1,0.35,-5.44,Credit Card,First Class,2025,Oct,10,2025-10
ORD-01195,2024-08-30,2024-09-01,CUST-1121,P-10009,Home Office,East,New Jersey,Technology,Machines,2,172.2,2,0.0,55.97,Credit Card,Standard Class,2024,Aug,8,2024-08
ORD-01196,2024-02-21,2024-02-24,CUST-1269,P-10118,Corporate,West,Washington,Technology,Phones,3,106.23,4,0.3,-1.13,Credit Card,First Class,2024,Feb,2,2024-02
ORD-01197,2025-08-31,2025-09-04,CUST-1284,P-10020,Corporate,South,North Carolina,Office Supplies,Appliances,4,36.67,5,0.0,5.13,Credit Card,Standard Class,2025,Aug,8,2025-08
ORD-01198,2024-01-15,2024-01-16,CUST-1175,P-10168,Home Office,West,California,Furniture,Chairs,1,26.59,4,0.25,5.45,Online,Standard Class,2024,Jan,1,2024-01
ORD-01199,2024-10-11,2024-10-14,CUST-1269,P-10100,Home Office,West,Oregon,Furniture,Tables,3,58.6,6,0.35,0.16,Online,Same Day,2024,Oct,10,2024-10
ORD-01200,2025-09-14,2025-09-18,CUST-1020,P-10232,Home Office,West,California,Technology,Accessories,4,43.42,2,0.15,7.84,Online,First Class,2025,Sep,9,2025-09
ORD-01201,2025-09-08,2025-09-11,CUST-1071,P-10023,Consumer,South,Tennessee,Technology,Computers,3,85.81,8,0.05,14.58,Online,Same Day,2025,Sep,9,2025-09
ORD-01202,2025-06-24,2025-06-28,CUST-1031,P-10379,Consumer,South,Georgia,Furniture,Furnishings,4,37.88,7,0.1,11.04,Cash on Delivery,Standard Class,2025,Jun,6,2025-06
ORD-01203,2025-03-22,2025-03-26,CUST-1089,P-10146,Corporate,East,Ohio,Furniture,Chairs,4,128.06,7,0.2,11.72,Cash on Delivery,Standard Class,2025,Mar,3,2025-03
ORD-01204,2025-10-16,2025-10-19,CUST-1282,P-10278,Home Office,East,Pennsylvania,Furniture,Bookcases,3,97.88,1,0.0,17.89,Credit Card,Second Class,2025,Oct,10,2025-10
ORD-01205,2025-02-27,2025-03-01,CUST-1132,P-10307,Consumer,Central,Illinois,Technology,Phones,2,37.75,8,0.25,-1.99,Online,First Class,2025,Feb,2,2025-02
ORD-01206,2024-01-23,2024-01-29,CUST-1126,P-10077,Consumer,East,New York,Technology,Machines,6,52.66,6,0.3,7.74,Online,First Class,2024,Jan,1,2024-01
ORD-01207,2025-10-29,2025-11-03,CUST-1232,P-10461,Corporate,East,New Jersey,Office Supplies,Binders,5,82.2,8,0.25,13.71,Credit Card,First Class,2025,Oct,10,2025-10
ORD-01208,2024-05-21,2024-05-24,CUST-1076,P-10018,Consumer,Central,Illinois,Technology,Machines,3,70.38,8,0.35,10.51,Cash on Delivery,Same Day,2024,May,5,2024-05
ORD-01209,2024-11-02,2024-11-08,CUST-1030,P-10349,Home Office,Central,Illinois,Technology,Machines,6,393.33,2,0.25,35.87,Cash on Delivery,First Class,2024,Nov,11,2024-11
ORD-01210,2025-02-11,2025-02-15,CUST-1017,P-10206,Consumer,Central,Texas,Office Supplies,Appliances,4,181.12,3,0.0,36.57,Credit Card,First Class,2025,Feb,2,2025-02
ORD-01211,2025-07-24,2025-07-26,CUST-1162,P-10537,Corporate,West,Washington,Furniture,Bookcases,2,142.59,1,0.35,-3.86,Cash on Delivery,Second Class,2025,Jul,7,2025-07
ORD-01212,2024-06-09,2024-06-14,CUST-1209,P-10515,Consumer,Central,Wisconsin,Furniture,Chairs,5,151.98,7,0.15,-9.1,Cash on Delivery,Standard Class,2024,Jun,6,2024-06
ORD-01213,2024-06-14,2024-06-15,CUST-1089,P-10237,Corporate,West,Arizona,Office Supplies,Appliances,1,200.49,7,0.1,27.95,Credit Card,Standard Class,2024,Jun,6,2024-06
ORD-01214,2025-02-05,2025-02-08,CUST-1044,P-10058,Corporate,East,New Jersey,Office Supplies,Appliances,3,17.65,7,0.3,1.88,Cash on Delivery,Second Class,2025,Feb,2,2025-02
ORD-01215,2024-03-07,2024-03-11,CUST-1145,P-10026,Consumer,Central,Missouri,Office Supplies,Appliances,4,41.86,7,0.35,-1.83,Online,First Class,2024,Mar,3,2024-03
ORD-01216,2025-08-05,2025-08-08,CUST-1104,P-10128,Consumer,East,New Jersey,Technology,Machines,3,191.76,8,0.25,11.4,Online,Same Day,2025,Aug,8,2025-08
ORD-01217,2024-07-22,2024-07-23,CUST-1275,P-10300,Corporate,South,Virginia,Office Supplies,Paper,1,69.94,1,0.1,10.68,Online,Second Class,2024,Jul,7,2024-07
ORD-01218,2025-09-03,2025-09-05,CUST-1173,P-10362,Consumer,West,Washington,Technology,Computers,2,27.65,8,0.05,3.03,Cash on Delivery,Second Class,2025,Sep,9,2025-09
ORD-01219,2024-08-21,2024-08-27,CUST-1078,P-10241,Home Office,South,North Carolina,Technology,Phones,6,71.55,3,0.35,1.05,Cash on Delivery,First Class,2024,Aug,8,2024-08
ORD-01220,2024-04-13,2024-04-15,CUST-1084,P-10237,Consumer,South,Florida,Office Supplies,Storage,2,83.32,2,0.3,5.01,Online,Second Class,2024,Apr,4,2024-04
ORD-01221,2024-10-09,2024-10-10,CUST-1156,P-10531,Home Office,Central,Minnesota,Furniture,Chairs,1,24.31,5,0.2,3.81,Cash on Delivery,Same Day,2024,Oct,10,2024-10
ORD-01222,2025-05-14,2025-05-17,CUST-1115,P-10330,Consumer,East,Pennsylvania,Furniture,Tables,3,53.18,4,0.0,5.53,Credit Card,Standard Class,2025,May,5,2025-05
ORD-01223,2025-10-22,2025-10-26,CUST-1066,P-10140,Home Office,East,Ohio,Office Supplies,Binders,4,165.94,8,0.25,16.8,Credit Card,First Class,2025,Oct,10,2025-10
ORD-01224,2025-06-12,2025-06-14,CUST-1083,P-10289,Home Office,East,Pennsylvania,Furniture,Furnishings,2,52.3,7,0.1,3.3,Cash on Delivery,First Class,2025,Jun,6,2025-06
ORD-01225,2025-10-07,2025-10-10,CUST-1263,P-10283,Consumer,South,Tennessee,Office Supplies,Paper,3,124.37,7,0.0,11.92,Online,First Class,2025,Oct,10,2025-10
ORD-01226,2025-08-21,2025-08-26,CUST-1029,P-10004,Corporate,East,Ohio,Technology,Accessories,5,75.42,5,0.25,-0.85,Online,Same Day,2025,Aug,8,2025-08
ORD-01227,2024-10-07,2024-10-09,CUST-1012,P-10086,Home Office,Central,Missouri,Technology,Computers,2,75.01,7,0.15,23.53,Credit Card,Same Day,2024,Oct,10,2024-10
ORD-01228,2025-07-09,2025-07-12,CUST-1249,P-10419,Consumer,West,Arizona,Furniture,Furnishings,3,251.69,8,0.3,3.2,Cash on Delivery,First Class,2025,Jul,7,2025-07
ORD-01229,2025-07-14,2025-07-18,CUST-1244,P-10408,Corporate,South,North Carolina,Office Supplies,Appliances,4,90.42,8,0.1,-5.65,Cash on Delivery,First Class,2025,Jul,7,2025-07
ORD-01230,2024-07-26,2024-07-31,CUST-1211,P-10379,Home Office,East,Massachusetts,Technology,Machines,5,114.98,1,0.0,2.49,Credit Card,Standard Class,2024,Jul,7,2024-07
ORD-01231,2024-11-03,2024-11-05,CUST-1210,P-10395,Home Office,East,Massachusetts,Office Supplies,Storage,2,37.99,4,0.0,4.51,Credit Card,Second Class,2024,Nov,11,2024-11
ORD-01232,2025-07-25,2025-07-26,CUST-1231,P-10169,Consumer,East,Pennsylvania,Furniture,Bookcases,1,102.6,7,0.25,7.57,Online,Standard Class,2025,Jul,7,2025-07
ORD-01233,2024-03-13,2024-03-17,CUST-1087,P-10345,Corporate,West,Nevada,Office Supplies,Binders,4,209.83,8,0.2,26.17,Credit Card,Same Day,2024,Mar,3,2024-03
ORD-01234,2024-10-15,2024-10-19,CUST-1114,P-10313,Consumer,Central,Minnesota,Technology,Computers,4,60.98,3,0.15,13.52,Cash on Delivery,Second Class,2024,Oct,10,2024-10
ORD-01235,2025-01-01,2025-01-07,CUST-1282,P-10501,Home Office,South,Virginia,Technology,Computers,6,69.81,8,0.05,11.66,Cash on Delivery,First Class,2025,Jan,1,2025-01
ORD-01236,2024-09-21,2024-09-23,CUST-1040,P-10428,Corporate,Central,Missouri,Furniture,Chairs,2,26.62,3,0.15,2.37,Credit Card,Same Day,2024,Sep,9,2024-09
ORD-01237,2024-02-03,2024-02-07,CUST-1164,P-10433,Corporate,West,Nevada,Furniture,Tables,4,116.38,5,0.15,20.14,Cash on Delivery,Second Class,2024,Feb,2,2024-02
ORD-01238,2025-07-26,2025-08-01,CUST-1156,P-10185,Consumer,East,Massachusetts,Technology,Accessories,6,36.65,7,0.3,3.11,Credit Card,Same Day,2025,Jul,7,2025-07
ORD-01239,2025-09-12,2025-09-14,CUST-1216,P-10507,Corporate,Central,Texas,Technology,Machines,2,45.25,3,0.15,1.53,Online,Second Class,2025,Sep,9,2025-09
ORD-01240,2024-08-16,2024-08-22,CUST-1273,P-10334,Consumer,South,Virginia,Technology,Machines,6,193.02,4,0.0,53.41,Online,First Class,2024,Aug,8,2024-08
ORD-01241,2024-02-04,2024-02-07,CUST-1077,P-10246,Home Office,West,California,Technology,Phones,3,181.49,8,0.25,2.44,Online,Same Day,2024,Feb,2,2024-02
ORD-01242,2024-11-20,2024-11-23,CUST-1294,P-10021,Corporate,South,North Carolina,Technology,Phones,3,206.51,6,0.3,-1.9,Online,Standard Class,2024,Nov,11,2024-11
ORD-01243,2024-07-02,2024-07-05,CUST-1035,P-10211,Consumer,West,Oregon,Office Supplies,Paper,3,101.89,8,0.15,9.27,Cash on Delivery,First Class,2024,Jul,7,2024-07
ORD-01244,2024-07-24,2024-07-25,CUST-1284,P-10178,Corporate,West,Washington,Office Supplies,Appliances,1,168.93,5,0.35,-2.0,Cash on Delivery,Standard Class,2024,Jul,7,2024-07
ORD-01245,2025-12-27,2026-01-01,CUST-1039,P-10349,Corporate,South,Georgia,Office Supplies,Paper,5,64.15,5,0.15,3.75,Online,Second Class,2025,Dec,12,2025-12
ORD-01246,2024-05-10,2024-05-12,CUST-1130,P-10124,Corporate,West,Arizona,Furniture,Tables,2,87.85,4,0.35,3.23,Cash on Delivery,Second Class,2024,May,5,2024-05
ORD-01247,2025-02-23,2025-02-27,CUST-1086,P-10425,Corporate,East,Massachusetts,Furniture,Chairs,4,109.81,2,0.2,10.67,Online,Standard Class,2025,Feb,2,2025-02
ORD-01248,2025-03-04,2025-03-07,CUST-1282,P-10234,Corporate,Central,Texas,Technology,Machines,3,92.93,6,0.2,6.96,Online,Same Day,2025,Mar,3,2025-03
ORD-01249,2024-02-11,2024-02-15,CUST-1297,P-10176,Corporate,South,Tennessee,Office Supplies,Paper,4,254.08,4,0.25,31.08,Online,Second Class,2024,Feb,2,2024-02
ORD-01250,2025-01-19,2025-01-23,CUST-1161,P-10260,Corporate,Central,Wisconsin,Furniture,Chairs,4,93.96,2,0.05,18.0,Cash on Delivery,Same Day,2025,Jan,1,2025-01
ORD-01251,2024-04-19,2024-04-25,CUST-1273,P-10287,Consumer,Central,Missouri,Furniture,Furnishings,6,79.67,2,0.2,2.31,Cash on Delivery,Standard Class,2024,Apr,4,2024-04
ORD-01252,2024-06-03,2024-06-06,CUST-1009,P-10410,Home Office,East,Ohio,Technology,Computers,3,80.86,8,0.05,14.9,Cash on Delivery,Second Class,2024,Jun,6,2024-06
ORD-01253,2024-08-22,2024-08-26,CUST-1072,P-10135,Corporate,West,Arizona,Technology,Machines,4,63.42,6,0.2,11.79,Online,Standard Class,2024,Aug,8,2024-08
ORD-01254,2025-04-13,2025-04-14,CUST-1020,P-10039,Corporate,Central,Missouri,Office Supplies,Appliances,1,65.46,5,0.05,6.97,Cash on Delivery,Standard Class,2025,Apr,4,2025-04
ORD-01255,2024-07-12,2024-07-14,CUST-1024,P-10362,Consumer,South,Florida,Furniture,Furnishings,2,144.32,3,0.25,16.46,Online,Second Class,2024,Jul,7,2024-07
ORD-01256,2024-03-27,2024-03-30,CUST-1109,P-10102,Consumer,Central,Missouri,Technology,Accessories,3,213.35,6,0.15,35.82,Credit Card,First Class,2024,Mar,3,2024-03
ORD-01257,2024-03-10,2024-03-14,CUST-1286,P-10149,Corporate,South,Tennessee,Office Supplies,Paper,4,194.2,4,0.05,19.26,Cash on Delivery,Second Class,2024,Mar,3,2024-03
ORD-01258,2025-09-24,2025-09-27,CUST-1166,P-10030,Consumer,South,Tennessee,Technology,Phones,3,105.47,7,0.15,37.42,Online,Second Class,2025,Sep,9,2025-09
ORD-01259,2025-06-16,2025-06-20,CUST-1011,P-10113,Corporate,West,Arizona,Furniture,Tables,4,68.14,5,0.35,6.7,Cash on Delivery,Same Day,2025,Jun,6,2025-06
ORD-01260,2025-07-28,2025-07-31,CUST-1081,P-10471,Home Office,East,New Jersey,Furniture,Chairs,3,44.79,7,0.0,-0.79,Online,Same Day,2025,Jul,7,2025-07
ORD-01261,2024-03-22,2024-03-25,CUST-1029,P-10506,Home Office,Central,Missouri,Office Supplies,Paper,3,168.08,8,0.15,23.55,Cash on Delivery,Same Day,2024,Mar,3,2024-03
ORD-01262,2025-04-07,2025-04-09,CUST-1141,P-10493,Consumer,South,Florida,Office Supplies,Storage,2,45.74,3,0.35,2.28,Online,Standard Class,2025,Apr,4,2025-04
ORD-01263,2025-06-06,2025-06-10,CUST-1007,P-10458,Home Office,Central,Missouri,Office Supplies,Paper,4,58.23,2,0.15,7.93,Cash on Delivery,Standard Class,2025,Jun,6,2025-06
ORD-01264,2024-11-25,2024-11-28,CUST-1025,P-10392,Corporate,Central,Texas,Office Supplies,Binders,3,270.16,7,0.25,8.74,Online,Standard Class,2024,Nov,11,2024-11
ORD-01265,2025-04-10,2025-04-12,CUST-1153,P-10036,Consumer,Central,Wisconsin,Furniture,Tables,2,99.19,2,0.2,2.73,Cash on Delivery,First Class,2025,Apr,4,2025-04
ORD-01266,2025-06-26,2025-06-28,CUST-1246,P-10220,Consumer,East,New Jersey,Technology,Phones,2,65.1,3,0.0,15.38,Credit Card,First Class,2025,Jun,6,2025-06
ORD-01267,2024-01-31,2024-02-05,CUST-1141,P-10406,Consumer,Central,Missouri,Technology,Computers,5,62.34,6,0.05,12.06,Cash on Delivery,First Class,2024,Jan,1,2024-01
ORD-01268,2025-12-26,2026-01-01,CUST-1111,P-10239,Consumer,South,Georgia,Office Supplies,Paper,6,67.23,5,0.05,4.91,Online,Second Class,2025,Dec,12,2025-12
ORD-01269,2024-04-13,2024-04-15,CUST-1119,P-10233,Consumer,Central,Illinois,Technology,Phones,2,197.77,4,0.35,-10.72,Online,Second Class,2024,Apr,4,2024-04
ORD-01270,2024-07-25,2024-07-26,CUST-1276,P-10420,Consumer,Central,Wisconsin,Office Supplies,Paper,1,28.28,2,0.3,-1.97,Online,First Class,2024,Jul,7,2024-07
ORD-01271,2024-08-05,2024-08-10,CUST-1275,P-10006,Home Office,South,Georgia,Office Supplies,Appliances,5,88.79,3,0.15,19.24,Cash on Delivery,Same Day,2024,Aug,8,2024-08
ORD-01272,2025-11-19,2025-11-23,CUST-1204,P-10492,Home Office,East,New Jersey,Office Supplies,Storage,4,31.99,7,0.25,-0.51,Online,Second Class,2025,Nov,11,2025-11
ORD-01273,2025-10-13,2025-10-19,CUST-1168,P-10411,Consumer,West,Washington,Furniture,Tables,6,128.18,4,0.05,16.39,Credit Card,Second Class,2025,Oct,10,2025-10
ORD-01274,2025-09-13,2025-09-17,CUST-1219,P-10381,Home Office,Central,Wisconsin,Technology,Computers,4,24.16,8,0.2,1.67,Cash on Delivery,Second Class,2025,Sep,9,2025-09
ORD-01275,2025-11-28,2025-12-04,CUST-1174,P-10230,Consumer,West,Arizona,Office Supplies,Binders,6,140.86,1,0.35,-4.38,Credit Card,Standard Class,2025,Nov,11,2025-11
ORD-01276,2025-07-19,2025-07-23,CUST-1039,P-10089,Home Office,East,New York,Office Supplies,Appliances,4,185.65,5,0.3,10.71,Credit Card,Standard Class,2025,Jul,7,2025-07
ORD-01277,2024-05-30,2024-06-02,CUST-1038,P-10232,Consumer,Central,Missouri,Technology,Computers,3,118.99,8,0.2,10.31,Credit Card,Standard Class,2024,May,5,2024-05
ORD-01278,2025-01-29,2025-01-31,CUST-1195,P-10218,Home Office,South,Georgia,Furniture,Furnishings,2,49.02,5,0.35,1.8,Online,First Class,2025,Jan,1,2025-01
ORD-01279,2024-09-08,2024-09-13,CUST-1024,P-10154,Home Office,South,Virginia,Office Supplies,Paper,5,69.86,1,0.1,7.14,Online,Second Class,2024,Sep,9,2024-09
ORD-01280,2024-05-16,2024-05-18,CUST-1093,P-10127,Corporate,Central,Illinois,Furniture,Furnishings,2,48.46,2,0.05,1.67,Credit Card,Same Day,2024,May,5,2024-05
ORD-01281,2025-02-27,2025-03-05,CUST-1078,P-10203,Corporate,West,Oregon,Office Supplies,Appliances,6,71.21,8,0.25,-18.85,Online,Second Class,2025,Feb,2,2025-02
ORD-01282,2025-11-13,2025-11-15,CUST-1155,P-10383,Consumer,Central,Texas,Furniture,Bookcases,2,60.69,5,0.2,5.03,Cash on Delivery,First Class,2025,Nov,11,2025-11
ORD-01283,2025-02-12,2025-02-15,CUST-1075,P-10016,Consumer,East,New York,Technology,Accessories,3,71.43,5,0.35,-7.06,Credit Card,First Class,2025,Feb,2,2025-02
ORD-01284,2025-02-04,2025-02-09,CUST-1008,P-10272,Home Office,East,New Jersey,Furniture,Tables,5,17.8,4,0.1,0.07,Credit Card,Standard Class,2025,Feb,2,2025-02
ORD-01285,2025-11-22,2025-11-26,CUST-1264,P-10205,Corporate,East,New York,Office Supplies,Binders,4,159.03,7,0.05,-3.03,Credit Card,Standard Class,2025,Nov,11,2025-11
ORD-01286,2024-08-03,2024-08-06,CUST-1110,P-10264,Consumer,Central,Illinois,Technology,Accessories,3,93.66,8,0.0,21.01,Cash on Delivery,Second Class,2024,Aug,8,2024-08
ORD-01287,2025-08-01,2025-08-04,CUST-1115,P-10548,Home Office,West,Oregon,Office Supplies,Paper,3,86.96,5,0.0,19.74,Online,Standard Class,2025,Aug,8,2025-08
ORD-01288,2024-02-04,2024-02-06,CUST-1031,P-10079,Consumer,West,Oregon,Office Supplies,Paper,2,42.05,5,0.05,8.74,Cash on Delivery,Second Class,2024,Feb,2,2024-02
ORD-01289,2024-05-08,2024-05-11,CUST-1149,P-10084,Home Office,West,Nevada,Technology,Accessories,3,72.01,3,0.3,9.04,Credit Card,First Class,2024,May,5,2024-05
ORD-01290,2024-06-30,2024-07-06,CUST-1065,P-10224,Home Office,Central,Wisconsin,Office Supplies,Binders,6,49.0,5,0.1,2.53,Credit Card,Second Class,2024,Jun,6,2024-06
ORD-01291,2025-07-24,2025-07-27,CUST-1117,P-10179,Home Office,Central,Wisconsin,Technology,Computers,3,175.1,3,0.35,10.82,Online,First Class,2025,Jul,7,2025-07
ORD-01292,2025-11-19,2025-11-24,CUST-1034,P-10059,Consumer,Central,Wisconsin,Office Supplies,Paper,5,111.8,8,0.0,16.02,Credit Card,Same Day,2025,Nov,11,2025-11
ORD-01293,2025-02-21,2025-02-25,CUST-1181,P-10450,Home Office,East,Pennsylvania,Technology,Machines,4,157.5,8,0.15,26.35,Online,Standard Class,2025,Feb,2,2025-02
ORD-01294,2025-11-06,2025-11-07,CUST-1009,P-10315,Corporate,West,Nevada,Technology,Computers,1,349.27,4,0.25,12.1,Cash on Delivery,Same Day,2025,Nov,11,2025-11
ORD-01295,2024-10-30,2024-11-01,CUST-1072,P-10118,Corporate,West,Arizona,Technology,Machines,2,36.98,7,0.1,7.99,Credit Card,Same Day,2024,Oct,10,2024-10
ORD-01296,2025-03-17,2025-03-19,CUST-1074,P-10009,Corporate,East,New Jersey,Office Supplies,Appliances,2,19.96,6,0.15,1.53,Credit Card,Same Day,2025,Mar,3,2025-03
ORD-01297,2024-06-29,2024-07-01,CUST-1251,P-10259,Home Office,East,Ohio,Furniture,Furnishings,2,283.85,5,0.1,37.32,Cash on Delivery,First Class,2024,Jun,6,2024-06
ORD-01298,2024-03-04,2024-03-10,CUST-1136,P-10285,Home Office,South,North Carolina,Office Supplies,Binders,6,65.36,6,0.3,-0.98,Online,First Class,2024,Mar,3,2024-03
ORD-01299,2025-12-02,2025-12-06,CUST-1084,P-10254,Home Office,South,Florida,Furniture,Chairs,4,338.29,8,0.2,18.62,Credit Card,Standard Class,2025,Dec,12,2025-12
ORD-01300,2025-07-18,2025-07-20,CUST-1264,P-10189,Home Office,West,California,Office Supplies,Binders,2,48.19,7,0.1,14.8,Cash on Delivery,Same Day,2025,Jul,7,2025-07
ORD-01301,2024-02-05,2024-02-11,CUST-1259,P-10504,Corporate,South,Florida,Furniture,Bookcases,6,84.55,7,0.1,4.86,Cash on Delivery,First Class,2024,Feb,2,2024-02
ORD-01302,2025-02-16,2025-02-19,CUST-1173,P-10070,Corporate,Central,Wisconsin,Office Supplies,Storage,3,46.95,3,0.35,-5.08,Online,Same Day,2025,Feb,2,2025-02
ORD-01303,2024-09-20,2024-09-22,CUST-1173,P-10147,Corporate,Central,Wisconsin,Furniture,Bookcases,2,36.71,2,0.35,3.26,Credit Card,Second Class,2024,Sep,9,2024-09
ORD-01304,2025-01-24,2025-01-26,CUST-1282,P-10477,Consumer,South,Tennessee,Office Supplies,Binders,2,25.21,2,0.1,3.91,Credit Card,Second Class,2025,Jan,1,2025-01
ORD-01305,2024-04-03,2024-04-05,CUST-1248,P-10481,Corporate,South,North Carolina,Furniture,Chairs,2,61.63,8,0.1,5.54,Online,Same Day,2024,Apr,4,2024-04
ORD-01306,2025-02-09,2025-02-15,CUST-1143,P-10293,Home Office,East,New Jersey,Office Supplies,Storage,6,67.22,2,0.1,-0.54,Cash on Delivery,Same Day,2025,Feb,2,2025-02
ORD-01307,2025-04-07,2025-04-12,CUST-1264,P-10086,Home Office,Central,Minnesota,Technology,Machines,5,86.92,2,0.05,8.28,Credit Card,Same Day,2025,Apr,4,2025-04
ORD-01308,2024-02-17,2024-02-20,CUST-1234,P-10022,Home Office,West,Oregon,Furniture,Furnishings,3,83.0,3,0.0,7.47,Credit Card,Second Class,2024,Feb,2,2024-02
ORD-01309,2024-06-13,2024-06-19,CUST-1193,P-10517,Corporate,East,New York,Furniture,Furnishings,6,45.47,6,0.3,4.24,Online,Standard Class,2024,Jun,6,2024-06
ORD-01310,2025-05-24,2025-05-27,CUST-1162,P-10515,Home Office,East,Ohio,Office Supplies,Appliances,3,217.75,5,0.35,4.92,Credit Card,Second Class,2025,May,5,2025-05
ORD-01311,2024-12-14,2024-12-18,CUST-1128,P-10322,Consumer,East,Ohio,Office Supplies,Storage,4,114.02,1,0.15,20.47,Online,Same Day,2024,Dec,12,2024-12
ORD-01312,2025-10-22,2025-10-26,CUST-1243,P-10390,Home Office,East,New Jersey,Office Supplies,Binders,4,76.56,6,0.15,-0.56,Online,Standard Class,2025,Oct,10,2025-10
ORD-01313,2025-08-14,2025-08-20,CUST-1084,P-10364,Home Office,West,Washington,Office Supplies,Storage,6,127.89,3,0.15,26.46,Cash on Delivery,Standard Class,2025,Aug,8,2025-08
ORD-01314,2025-09-18,2025-09-22,CUST-1225,P-10021,Home Office,West,Washington,Technology,Computers,4,50.52,2,0.2,4.32,Credit Card,Second Class,2025,Sep,9,2025-09
ORD-01315,2025-02-25,2025-02-28,CUST-1267,P-10095,Home Office,East,Massachusetts,Technology,Accessories,3,82.88,7,0.2,23.05,Credit Card,Standard Class,2025,Feb,2,2025-02
ORD-01316,2025-12-05,2025-12-09,CUST-1010,P-10092,Corporate,West,Nevada,Office Supplies,Storage,4,80.81,4,0.2,4.59,Online,First Class,2025,Dec,12,2025-12
ORD-01317,2025-06-30,2025-07-03,CUST-1023,P-10437,Home Office,East,Massachusetts,Office Supplies,Appliances,3,152.94,3,0.15,6.75,Cash on Delivery,Second Class,2025,Jun,6,2025-06
ORD-01318,2025-12-15,2025-12-21,CUST-1276,P-10015,Home Office,East,New Jersey,Technology,Accessories,6,155.38,2,0.0,32.17,Cash on Delivery,First Class,2025,Dec,12,2025-12
ORD-01319,2025-05-20,2025-05-25,CUST-1063,P-10006,Home Office,South,Georgia,Technology,Computers,5,151.47,7,0.1,16.13,Cash on Delivery,First Class,2025,May,5,2025-05
ORD-01320,2025-06-22,2025-06-28,CUST-1111,P-10320,Corporate,Central,Illinois,Technology,Accessories,6,509.61,5,0.3,66.96,Credit Card,First Class,2025,Jun,6,2025-06
ORD-01321,2025-05-05,2025-05-08,CUST-1046,P-10478,Corporate,East,Massachusetts,Technology,Accessories,3,192.72,1,0.05,24.93,Credit Card,Same Day,2025,May,5,2025-05
ORD-01322,2024-10-10,2024-10-14,CUST-1206,P-10427,Corporate,Central,Minnesota,Technology,Computers,4,98.0,2,0.1,5.8,Online,Standard Class,2024,Oct,10,2024-10
ORD-01323,2025-03-25,2025-03-28,CUST-1043,P-10076,Consumer,West,Washington,Office Supplies,Binders,3,42.19,5,0.05,4.83,Cash on Delivery,Standard Class,2025,Mar,3,2025-03
ORD-01324,2025-09-02,2025-09-06,CUST-1269,P-10176,Home Office,East,Massachusetts,Technology,Machines,4,26.11,8,0.15,-0.87,Credit Card,Standard Class,2025,Sep,9,2025-09
ORD-01325,2025-09-08,2025-09-11,CUST-1247,P-10277,Home Office,South,North Carolina,Technology,Machines,3,176.88,4,0.05,27.93,Credit Card,Standard Class,2025,Sep,9,2025-09
ORD-01326,2025-04-01,2025-04-02,CUST-1107,P-10445,Consumer,Central,Minnesota,Technology,Machines,1,37.39,3,0.3,3.31,Online,Same Day,2025,Apr,4,2025-04
ORD-01327,2024-05-01,2024-05-05,CUST-1072,P-10063,Consumer,East,New Jersey,Technology,Computers,4,137.0,3,0.1,15.53,Credit Card,First Class,2024,May,5,2024-05
ORD-01328,2024-12-24,2024-12-28,CUST-1098,P-10425,Consumer,Central,Wisconsin,Technology,Computers,4,660.96,7,0.3,2.78,Credit Card,Same Day,2024,Dec,12,2024-12
ORD-01329,2025-06-22,2025-06-24,CUST-1117,P-10149,Home Office,East,Ohio,Office Supplies,Appliances,2,114.0,6,0.15,19.29,Credit Card,Same Day,2025,Jun,6,2025-06
ORD-01330,2024-04-19,2024-04-24,CUST-1261,P-10195,Corporate,Central,Missouri,Furniture,Tables,5,38.19,8,0.25,-1.3,Credit Card,Same Day,2024,Apr,4,2024-04
ORD-01331,2025-03-21,2025-03-23,CUST-1001,P-10287,Consumer,Central,Minnesota,Technology,Accessories,2,74.85,2,0.35,-5.33,Cash on Delivery,Same Day,2025,Mar,3,2025-03
ORD-01332,2025-08-06,2025-08-08,CUST-1077,P-10286,Corporate,East,New Jersey,Technology,Computers,2,99.96,4,0.05,18.61,Credit Card,Standard Class,2025,Aug,8,2025-08
ORD-01333,2024-09-08,2024-09-10,CUST-1285,P-10421,Corporate,East,Ohio,Technology,Phones,2,56.91,3,0.1,8.51,Online,Second Class,2024,Sep,9,2024-09
ORD-01334,2025-11-17,2025-11-19,CUST-1038,P-10334,Corporate,South,Virginia,Office Supplies,Storage,2,57.68,7,0.05,7.97,Credit Card,Standard Class,2025,Nov,11,2025-11
ORD-01335,2024-09-02,2024-09-03,CUST-1223,P-10298,Home Office,Central,Texas,Technology,Computers,1,70.85,1,0.35,-6.9,Online,Standard Class,2024,Sep,9,2024-09
ORD-01336,2024-11-16,2024-11-19,CUST-1288,P-10226,Corporate,East,New Jersey,Furniture,Furnishings,3,42.68,6,0.05,5.9,Credit Card,Second Class,2024,Nov,11,2024-11
ORD-01337,2024-11-04,2024-11-06,CUST-1258,P-10151,Consumer,Central,Illinois,Furniture,Furnishings,2,17.78,5,0.2,0.26,Online,First Class,2024,Nov,11,2024-11
ORD-01338,2024-10-09,2024-10-11,CUST-1147,P-10213,Corporate,Central,Texas,Office Supplies,Storage,2,498.31,5,0.3,23.68,Online,Same Day,2024,Oct,10,2024-10
ORD-01339,2024-12-09,2024-12-15,CUST-1047,P-10314,Corporate,West,Nevada,Office Supplies,Storage,6,120.3,8,0.1,-1.01,Online,Standard Class,2024,Dec,12,2024-12
ORD-01340,2024-03-10,2024-03-12,CUST-1275,P-10422,Consumer,West,Arizona,Furniture,Bookcases,2,30.96,2,0.1,5.92,Online,Same Day,2024,Mar,3,2024-03
ORD-01341,2024-09-14,2024-09-17,CUST-1012,P-10214,Corporate,West,Oregon,Technology,Accessories,3,12.54,6,0.25,-0.14,Cash on Delivery,Second Class,2024,Sep,9,2024-09
ORD-01342,2024-06-11,2024-06-15,CUST-1152,P-10034,Corporate,Central,Missouri,Office Supplies,Paper,4,57.2,5,0.1,8.68,Online,Standard Class,2024,Jun,6,2024-06
ORD-01343,2024-02-23,2024-02-28,CUST-1161,P-10394,Consumer,Central,Wisconsin,Furniture,Chairs,5,47.33,3,0.1,2.74,Online,First Class,2024,Feb,2,2024-02
ORD-01344,2024-07-16,2024-07-19,CUST-1006,P-10460,Corporate,Central,Texas,Furniture,Chairs,3,29.16,3,0.35,0.76,Online,Second Class,2024,Jul,7,2024-07
ORD-01345,2025-09-06,2025-09-10,CUST-1118,P-10395,Corporate,East,Ohio,Office Supplies,Storage,4,31.89,5,0.05,4.52,Credit Card,Second Class,2025,Sep,9,2025-09
ORD-01346,2024-07-18,2024-07-19,CUST-1072,P-10143,Home Office,South,Georgia,Furniture,Tables,1,198.53,7,0.3,21.16,Online,First Class,2024,Jul,7,2024-07
ORD-01347,2025-11-25,2025-11-28,CUST-1088,P-10427,Home Office,Central,Wisconsin,Office Supplies,Binders,3,30.98,4,0.15,4.55,Online,Second Class,2025,Nov,11,2025-11
ORD-01348,2025-09-09,2025-09-11,CUST-1187,P-10434,Consumer,West,Arizona,Furniture,Bookcases,2,155.51,5,0.1,13.5,Cash on Delivery,Second Class,2025,Sep,9,2025-09
ORD-01349,2024-05-10,2024-05-12,CUST-1273,P-10533,Consumer,Central,Missouri,Office Supplies,Paper,2,116.12,3,0.1,38.15,Cash on Delivery,Same Day,2024,May,5,2024-05
ORD-01350,2024-10-01,2024-10-03,CUST-1211,P-10267,Home Office,West,Arizona,Technology,Computers,2,70.44,4,0.05,8.51,Credit Card,Second Class,2024,Oct,10,2024-10
ORD-01351,2024-12-02,2024-12-05,CUST-1028,P-10474,Consumer,West,Oregon,Technology,Phones,3,262.99,5,0.35,-2.76,Cash on Delivery,Standard Class,2024,Dec,12,2024-12
ORD-01352,2025-11-20,2025-11-26,CUST-1034,P-10497,Corporate,West,Oregon,Furniture,Chairs,6,72.81,4,0.1,14.54,Credit Card,Standard Class,2025,Nov,11,2025-11
ORD-01353,2025-09-02,2025-09-06,CUST-1121,P-10208,Home Office,South,Virginia,Office Supplies,Binders,4,46.53,6,0.1,7.4,Cash on Delivery,Standard Class,2025,Sep,9,2025-09
ORD-01354,2024-05-05,2024-05-07,CUST-1225,P-10486,Home Office,South,Virginia,Technology,Machines,2,31.1,5,0.0,1.03,Cash on Delivery,Second Class,2024,May,5,2024-05
ORD-01355,2024-12-10,2024-12-14,CUST-1167,P-10096,Consumer,South,Georgia,Office Supplies,Storage,4,143.59,6,0.1,4.77,Cash on Delivery,Same Day,2024,Dec,12,2024-12
ORD-01356,2025-06-03,2025-06-09,CUST-1165,P-10475,Consumer,West,Arizona,Technology,Phones,6,108.09,1,0.15,8.66,Credit Card,Standard Class,2025,Jun,6,2025-06
ORD-01357,2024-12-03,2024-12-07,CUST-1057,P-10483,Consumer,West,Arizona,Furniture,Tables,4,97.96,4,0.15,18.66,Credit Card,First Class,2024,Dec,12,2024-12
ORD-01358,2024-05-29,2024-06-02,CUST-1060,P-10317,Corporate,West,California,Office Supplies,Appliances,4,29.73,4,0.05,3.29,Online,Second Class,2024,May,5,2024-05
ORD-01359,2024-09-05,2024-09-09,CUST-1072,P-10455,Consumer,East,Massachusetts,Office Supplies,Storage,4,86.18,1,0.2,16.3,Cash on Delivery,Standard Class,2024,Sep,9,2024-09
ORD-01360,2025-05-03,2025-05-05,CUST-1124,P-10232,Home Office,Central,Illinois,Technology,Accessories,2,74.99,2,0.15,7.97,Credit Card,Standard Class,2025,May,5,2025-05
ORD-01361,2024-10-19,2024-10-25,CUST-1213,P-10544,Corporate,South,Florida,Furniture,Chairs,6,71.3,7,0.15,3.02,Cash on Delivery,Second Class,2024,Oct,10,2024-10
ORD-01362,2024-11-22,2024-11-24,CUST-1257,P-10435,Corporate,South,Tennessee,Office Supplies,Storage,2,113.91,5,0.35,-15.98,Credit Card,Second Class,2024,Nov,11,2024-11
ORD-01363,2025-04-30,2025-05-02,CUST-1071,P-10367,Corporate,East,New York,Furniture,Tables,2,104.72,6,0.15,9.06,Online,Second Class,2025,Apr,4,2025-04
ORD-01364,2025-07-01,2025-07-02,CUST-1111,P-10320,Corporate,East,Massachusetts,Technology,Computers,1,70.84,1,0.0,12.42,Credit Card,Same Day,2025,Jul,7,2025-07
ORD-01365,2024-12-18,2024-12-20,CUST-1084,P-10242,Consumer,East,Pennsylvania,Technology,Machines,2,49.21,7,0.2,12.85,Credit Card,Standard Class,2024,Dec,12,2024-12
ORD-01366,2024-02-23,2024-02-26,CUST-1213,P-10092,Consumer,Central,Missouri,Furniture,Furnishings,3,22.74,5,0.15,1.29,Credit Card,Standard Class,2024,Feb,2,2024-02
ORD-01367,2024-10-17,2024-10-21,CUST-1284,P-10199,Home Office,Central,Wisconsin,Technology,Computers,4,125.88,5,0.2,16.69,Cash on Delivery,First Class,2024,Oct,10,2024-10
ORD-01368,2025-04-21,2025-04-23,CUST-1204,P-10500,Home Office,West,Oregon,Office Supplies,Storage,2,79.9,4,0.15,8.19,Cash on Delivery,Same Day,2025,Apr,4,2025-04
ORD-01369,2024-10-29,2024-11-01,CUST-1266,P-10104,Home Office,West,Nevada,Office Supplies,Storage,3,50.94,1,0.3,1.0,Cash on Delivery,Same Day,2024,Oct,10,2024-10
ORD-01370,2025-07-28,2025-08-01,CUST-1261,P-10187,Corporate,South,Florida,Technology,Computers,4,174.38,5,0.2,19.14,Credit Card,Same Day,2025,Jul,7,2025-07
ORD-01371,2024-09-28,2024-09-30,CUST-1210,P-10423,Corporate,East,New York,Office Supplies,Paper,2,66.96,2,0.35,-11.79,Credit Card,First Class,2024,Sep,9,2024-09
ORD-01372,2024-09-01,2024-09-06,CUST-1296,P-10367,Consumer,West,Oregon,Office Supplies,Appliances,5,99.24,7,0.2,12.67,Online,First Class,2024,Sep,9,2024-09
ORD-01373,2025-09-04,2025-09-09,CUST-1084,P-10464,Home Office,Central,Texas,Office Supplies,Appliances,5,182.73,8,0.0,58.86,Cash on Delivery,First Class,2025,Sep,9,2025-09
ORD-01374,2024-07-24,2024-07-30,CUST-1028,P-10401,Corporate,East,New Jersey,Technology,Accessories,6,23.81,7,0.35,3.42,Online,Standard Class,2024,Jul,7,2024-07
ORD-01375,2024-06-29,2024-07-05,CUST-1270,P-10092,Consumer,East,New York,Office Supplies,Appliances,6,295.19,4,0.05,56.53,Online,First Class,2024,Jun,6,2024-06
ORD-01376,2025-06-29,2025-07-03,CUST-1214,P-10157,Corporate,South,Virginia,Furniture,Bookcases,4,91.98,2,0.25,0.69,Credit Card,First Class,2025,Jun,6,2025-06
ORD-01377,2024-10-09,2024-10-12,CUST-1055,P-10146,Consumer,Central,Missouri,Furniture,Chairs,3,59.66,7,0.15,5.07,Credit Card,First Class,2024,Oct,10,2024-10
ORD-01378,2025-05-11,2025-05-14,CUST-1150,P-10175,Home Office,Central,Missouri,Office Supplies,Appliances,3,337.62,7,0.15,-4.24,Credit Card,Second Class,2025,May,5,2025-05
ORD-01379,2025-08-06,2025-08-08,CUST-1052,P-10398,Home Office,East,Massachusetts,Technology,Phones,2,52.77,5,0.2,7.28,Online,Same Day,2025,Aug,8,2025-08
ORD-01380,2024-07-15,2024-07-19,CUST-1009,P-10389,Corporate,Central,Texas,Office Supplies,Binders,4,45.44,7,0.15,2.74,Cash on Delivery,Standard Class,2024,Jul,7,2024-07
ORD-01381,2024-01-27,2024-01-30,CUST-1281,P-10235,Corporate,Central,Minnesota,Furniture,Furnishings,3,53.52,1,0.1,0.68,Cash on Delivery,First Class,2024,Jan,1,2024-01
ORD-01382,2024-08-19,2024-08-22,CUST-1118,P-10279,Corporate,South,North Carolina,Furniture,Chairs,3,58.08,6,0.3,-0.53,Online,Standard Class,2024,Aug,8,2024-08
ORD-01383,2025-04-30,2025-05-04,CUST-1284,P-10094,Corporate,West,Arizona,Technology,Computers,4,76.07,3,0.05,6.09,Cash on Delivery,First Class,2025,Apr,4,2025-04
ORD-01384,2025-04-11,2025-04-15,CUST-1064,P-10138,Corporate,West,Washington,Technology,Computers,4,71.39,5,0.2,7.17,Credit Card,Second Class,2025,Apr,4,2025-04
ORD-01385,2024-04-26,2024-05-01,CUST-1153,P-10533,Corporate,South,North Carolina,Office Supplies,Storage,5,73.24,6,0.0,9.15,Cash on Delivery,Second Class,2024,Apr,4,2024-04
ORD-01386,2025-07-04,2025-07-10,CUST-1027,P-10383,Corporate,West,Washington,Furniture,Tables,6,39.72,7,0.1,6.81,Online,First Class,2025,Jul,7,2025-07
ORD-01387,2024-12-30,2025-01-02,CUST-1070,P-10399,Consumer,Central,Illinois,Office Supplies,Storage,3,81.92,2,0.3,-1.39,Online,Same Day,2024,Dec,12,2024-12
ORD-01388,2024-10-20,2024-10-22,CUST-1082,P-10485,Home Office,South,Tennessee,Office Supplies,Storage,2,169.21,7,0.3,11.14,Cash on Delivery,Second Class,2024,Oct,10,2024-10
ORD-01389,2024-12-19,2024-12-24,CUST-1293,P-10445,Home Office,South,Georgia,Furniture,Chairs,5,121.52,1,0.35,-8.2,Credit Card,First Class,2024,Dec,12,2024-12
ORD-01390,2025-07-23,2025-07-26,CUST-1161,P-10197,Corporate,East,New York,Office Supplies,Appliances,3,78.29,8,0.0,3.61,Online,Same Day,2025,Jul,7,2025-07
ORD-01391,2025-03-14,2025-03-17,CUST-1228,P-10501,Home Office,Central,Wisconsin,Office Supplies,Storage,3,61.74,4,0.0,10.1,Cash on Delivery,Standard Class,2025,Mar,3,2025-03
ORD-01392,2024-04-18,2024-04-22,CUST-1108,P-10542,Corporate,West,California,Office Supplies,Paper,4,57.89,6,0.35,-2.14,Credit Card,Standard Class,2024,Apr,4,2024-04
ORD-01393,2025-06-09,2025-06-11,CUST-1155,P-10509,Corporate,South,Tennessee,Technology,Phones,2,65.83,8,0.2,5.83,Online,Standard Class,2025,Jun,6,2025-06
ORD-01394,2025-12-23,2025-12-24,CUST-1295,P-10347,Corporate,West,Oregon,Office Supplies,Storage,1,119.4,3,0.15,9.05,Online,Same Day,2025,Dec,12,2025-12
ORD-01395,2024-06-20,2024-06-25,CUST-1142,P-10300,Corporate,East,Massachusetts,Technology,Computers,5,27.06,7,0.05,3.19,Online,First Class,2024,Jun,6,2024-06
ORD-01396,2025-11-10,2025-11-16,CUST-1162,P-10079,Home Office,East,New York,Furniture,Tables,6,420.08,4,0.25,42.31,Cash on Delivery,Second Class,2025,Nov,11,2025-11
ORD-01397,2025-04-25,2025-04-28,CUST-1120,P-10373,Corporate,South,Georgia,Technology,Phones,3,23.27,6,0.25,3.25,Online,Second Class,2025,Apr,4,2025-04
ORD-01398,2025-11-17,2025-11-20,CUST-1174,P-10016,Corporate,East,Ohio,Technology,Phones,3,54.16,1,0.3,4.77,Credit Card,First Class,2025,Nov,11,2025-11
ORD-01399,2025-01-23,2025-01-27,CUST-1257,P-10446,Consumer,Central,Texas,Technology,Phones,4,121.4,1,0.0,31.08,Cash on Delivery,Second Class,2025,Jan,1,2025-01
ORD-01400,2025-04-25,2025-05-01,CUST-1025,P-10334,Consumer,Central,Minnesota,Technology,Phones,6,44.99,8,0.0,7.39,Credit Card,Second Class,2025,Apr,4,2025-04
ORD-01401,2025-02-08,2025-02-12,CUST-1275,P-10280,Home Office,Central,Wisconsin,Furniture,Bookcases,4,54.57,4,0.35,-2.39,Online,Same Day,2025,Feb,2,2025-02
ORD-01402,2025-10-02,2025-10-05,CUST-1115,P-10051,Corporate,South,North Carolina,Furniture,Bookcases,3,232.19,3,0.1,22.86,Credit Card,Same Day,2025,Oct,10,2025-10
ORD-01403,2025-04-19,2025-04-20,CUST-1073,P-10342,Home Office,East,Pennsylvania,Technology,Computers,1,21.3,3,0.15,0.28,Credit Card,First Class,2025,Apr,4,2025-04
ORD-01404,2025-06-13,2025-06-19,CUST-1207,P-10297,Consumer,South,Georgia,Office Supplies,Paper,6,73.96,2,0.1,10.95,Credit Card,Second Class,2025,Jun,6,2025-06
ORD-01405,2024-03-31,2024-04-03,CUST-1073,P-10218,Home Office,South,Tennessee,Technology,Machines,3,148.47,1,0.0,19.01,Credit Card,First Class,2024,Mar,3,2024-03
ORD-01406,2024-04-17,2024-04-18,CUST-1178,P-10515,Consumer,South,North Carolina,Furniture,Tables,1,30.05,1,0.35,-3.15,Cash on Delivery,First Class,2024,Apr,4,2024-04
ORD-01407,2024-04-16,2024-04-22,CUST-1217,P-10191,Corporate,Central,Minnesota,Office Supplies,Appliances,6,44.25,2,0.3,4.07,Online,Second Class,2024,Apr,4,2024-04
ORD-01408,2025-10-02,2025-10-06,CUST-1003,P-10380,Corporate,East,New York,Furniture,Furnishings,4,125.05,8,0.05,6.0,Credit Card,Second Class,2025,Oct,10,2025-10
ORD-01409,2025-05-10,2025-05-16,CUST-1157,P-10147,Home Office,Central,Wisconsin,Technology,Computers,6,45.18,4,0.05,6.18,Cash on Delivery,Same Day,2025,May,5,2025-05
ORD-01410,2025-10-04,2025-10-07,CUST-1083,P-10033,Home Office,Central,Missouri,Technology,Computers,3,224.79,8,0.2,17.71,Online,Second Class,2025,Oct,10,2025-10
ORD-01411,2024-07-14,2024-07-18,CUST-1247,P-10418,Consumer,Central,Missouri,Technology,Accessories,4,74.78,5,0.15,14.46,Credit Card,Standard Class,2024,Jul,7,2024-07
ORD-01412,2025-07-03,2025-07-06,CUST-1295,P-10350,Consumer,West,Arizona,Office Supplies,Paper,3,20.76,8,0.25,1.86,Online,Standard Class,2025,Jul,7,2025-07
ORD-01413,2024-01-27,2024-01-29,CUST-1125,P-10126,Corporate,Central,Missouri,Furniture,Furnishings,2,19.01,5,0.15,0.98,Online,Same Day,2024,Jan,1,2024-01
ORD-01414,2025-03-13,2025-03-17,CUST-1024,P-10130,Home Office,Central,Missouri,Furniture,Chairs,4,72.99,8,0.0,2.61,Credit Card,First Class,2025,Mar,3,2025-03
ORD-01415,2025-04-09,2025-04-12,CUST-1034,P-10281,Home Office,West,Washington,Furniture,Furnishings,3,75.76,4,0.3,6.36,Cash on Delivery,Standard Class,2025,Apr,4,2025-04
ORD-01416,2024-10-19,2024-10-23,CUST-1213,P-10549,Home Office,East,Pennsylvania,Furniture,Furnishings,4,78.68,3,0.35,13.55,Cash on Delivery,Standard Class,2024,Oct,10,2024-10
ORD-01417,2025-08-13,2025-08-17,CUST-1199,P-10078,Corporate,Central,Texas,Furniture,Chairs,4,143.07,1,0.05,1.02,Cash on Delivery,Second Class,2025,Aug,8,2025-08
ORD-01418,2025-08-22,2025-08-25,CUST-1040,P-10403,Corporate,East,New York,Technology,Machines,3,199.34,7,0.1,18.9,Credit Card,First Class,2025,Aug,8,2025-08
ORD-01419,2025-05-08,2025-05-11,CUST-1197,P-10252,Consumer,South,Florida,Office Supplies,Appliances,3,78.56,2,0.3,-2.89,Credit Card,Second Class,2025,May,5,2025-05
ORD-01420,2024-08-29,2024-09-03,CUST-1113,P-10402,Home Office,West,California,Furniture,Bookcases,5,152.63,8,0.0,26.9,Online,Same Day,2024,Aug,8,2024-08
ORD-01421,2024-05-30,2024-06-02,CUST-1120,P-10474,Home Office,Central,Illinois,Furniture,Bookcases,3,119.9,1,0.15,10.91,Cash on Delivery,Same Day,2024,May,5,2024-05
ORD-01422,2024-01-23,2024-01-28,CUST-1006,P-10340,Consumer,South,Tennessee,Technology,Phones,5,100.15,8,0.05,27.39,Online,First Class,2024,Jan,1,2024-01
ORD-01423,2024-07-21,2024-07-27,CUST-1269,P-10449,Home Office,West,California,Technology,Machines,6,125.28,7,0.35,6.86,Online,Same Day,2024,Jul,7,2024-07
ORD-01424,2025-05-28,2025-05-31,CUST-1193,P-10195,Home Office,South,Florida,Technology,Phones,3,76.85,4,0.15,11.63,Cash on Delivery,Standard Class,2025,May,5,2025-05
ORD-01425,2025-08-10,2025-08-13,CUST-1274,P-10122,Home Office,West,Washington,Technology,Phones,3,24.47,6,0.25,-0.05,Credit Card,First Class,2025,Aug,8,2025-08
ORD-01426,2025-05-22,2025-05-26,CUST-1252,P-10512,Corporate,West,Nevada,Office Supplies,Appliances,4,137.9,5,0.35,-17.04,Cash on Delivery,Standard Class,2025,May,5,2025-05
ORD-01427,2025-11-01,2025-11-04,CUST-1219,P-10178,Home Office,South,Virginia,Furniture,Furnishings,3,117.81,4,0.0,18.99,Online,First Class,2025,Nov,11,2025-11
ORD-01428,2024-05-07,2024-05-11,CUST-1062,P-10073,Home Office,Central,Missouri,Technology,Machines,4,54.15,6,0.15,0.62,Cash on Delivery,First Class,2024,May,5,2024-05
ORD-01429,2025-08-23,2025-08-24,CUST-1111,P-10448,Home Office,East,Pennsylvania,Technology,Accessories,1,48.69,1,0.35,1.26,Credit Card,First Class,2025,Aug,8,2025-08
ORD-01430,2024-07-02,2024-07-06,CUST-1218,P-10231,Corporate,Central,Minnesota,Furniture,Tables,4,83.11,5,0.25,10.02,Credit Card,Second Class,2024,Jul,7,2024-07
ORD-01431,2024-06-14,2024-06-17,CUST-1214,P-10229,Corporate,East,Pennsylvania,Furniture,Bookcases,3,40.97,5,0.1,4.91,Cash on Delivery,Second Class,2024,Jun,6,2024-06
ORD-01432,2024-06-17,2024-06-20,CUST-1120,P-10478,Corporate,Central,Missouri,Furniture,Chairs,3,28.88,4,0.05,1.46,Online,Same Day,2024,Jun,6,2024-06
ORD-01433,2025-05-15,2025-05-20,CUST-1112,P-10313,Home Office,Central,Illinois,Office Supplies,Storage,5,72.13,4,0.25,6.87,Online,First Class,2025,May,5,2025-05
ORD-01434,2025-03-04,2025-03-08,CUST-1247,P-10281,Consumer,East,New Jersey,Office Supplies,Appliances,4,52.1,3,0.25,-1.73,Credit Card,Same Day,2025,Mar,3,2025-03
ORD-01435,2024-01-14,2024-01-16,CUST-1259,P-10346,Consumer,West,California,Office Supplies,Paper,2,40.19,5,0.35,-0.35,Cash on Delivery,Same Day,2024,Jan,1,2024-01
ORD-01436,2024-06-01,2024-06-05,CUST-1214,P-10464,Corporate,South,Georgia,Technology,Accessories,4,138.79,7,0.3,-8.93,Cash on Delivery,Second Class,2024,Jun,6,2024-06
ORD-01437,2025-12-21,2025-12-27,CUST-1219,P-10390,Corporate,West,Arizona,Technology,Accessories,6,43.73,3,0.15,9.54,Cash on Delivery,First Class,2025,Dec,12,2025-12
ORD-01438,2025-12-10,2025-12-13,CUST-1253,P-10250,Corporate,West,Nevada,Furniture,Bookcases,3,90.8,4,0.15,8.08,Credit Card,Same Day,2025,Dec,12,2025-12
ORD-01439,2024-10-17,2024-10-22,CUST-1053,P-10544,Corporate,West,Nevada,Furniture,Bookcases,5,48.11,5,0.35,-1.26,Credit Card,First Class,2024,Oct,10,2024-10
ORD-01440,2025-03-20,2025-03-23,CUST-1148,P-10202,Home Office,East,Pennsylvania,Technology,Computers,3,83.42,6,0.2,6.67,Online,First Class,2025,Mar,3,2025-03
ORD-01441,2025-04-24,2025-04-30,CUST-1001,P-10004,Corporate,West,Oregon,Office Supplies,Appliances,6,29.2,1,0.3,0.93,Online,Standard Class,2025,Apr,4,2025-04
ORD-01442,2024-11-12,2024-11-13,CUST-1130,P-10496,Corporate,West,Nevada,Furniture,Bookcases,1,148.92,2,0.1,21.89,Cash on Delivery,Standard Class,2024,Nov,11,2024-11
ORD-01443,2024-02-19,2024-02-21,CUST-1009,P-10339,Consumer,West,Nevada,Furniture,Furnishings,2,117.41,6,0.25,6.7,Cash on Delivery,Second Class,2024,Feb,2,2024-02
ORD-01444,2025-07-28,2025-08-01,CUST-1141,P-10289,Home Office,Central,Texas,Office Supplies,Appliances,4,116.78,6,0.3,11.45,Cash on Delivery,Standard Class,2025,Jul,7,2025-07
ORD-01445,2025-03-03,2025-03-06,CUST-1051,P-10488,Consumer,East,Ohio,Furniture,Tables,3,79.61,7,0.0,16.28,Online,Same Day,2025,Mar,3,2025-03
ORD-01446,2024-11-02,2024-11-05,CUST-1150,P-10253,Consumer,West,California,Furniture,Tables,3,206.54,6,0.2,-8.34,Online,First Class,2024,Nov,11,2024-11
ORD-01447,2025-10-08,2025-10-12,CUST-1215,P-10055,Consumer,East,Massachusetts,Office Supplies,Paper,4,97.2,5,0.25,-3.19,Online,Second Class,2025,Oct,10,2025-10
ORD-01448,2024-03-16,2024-03-21,CUST-1100,P-10193,Corporate,South,Tennessee,Office Supplies,Storage,5,72.17,4,0.3,5.47,Credit Card,Standard Class,2024,Mar,3,2024-03
ORD-01449,2024-08-28,2024-09-03,CUST-1232,P-10297,Corporate,East,New York,Technology,Phones,6,149.01,2,0.2,35.85,Credit Card,Standard Class,2024,Aug,8,2024-08
ORD-01450,2025-11-04,2025-11-07,CUST-1176,P-10508,Consumer,South,Florida,Technology,Machines,3,567.31,2,0.2,135.7,Credit Card,First Class,2025,Nov,11,2025-11
ORD-01451,2025-10-14,2025-10-20,CUST-1038,P-10424,Home Office,East,New York,Furniture,Chairs,6,34.36,7,0.35,-0.07,Online,Second Class,2025,Oct,10,2025-10
ORD-01452,2025-11-24,2025-11-25,CUST-1025,P-10284,Home Office,West,California,Furniture,Tables,1,146.38,5,0.05,26.23,Credit Card,Standard Class,2025,Nov,11,2025-11
ORD-01453,2025-09-22,2025-09-27,CUST-1252,P-10321,Home Office,South,North Carolina,Technology,Accessories,5,50.83,2,0.15,6.32,Cash on Delivery,Standard Class,2025,Sep,9,2025-09
ORD-01454,2024-09-13,2024-09-16,CUST-1231,P-10163,Home Office,Central,Wisconsin,Furniture,Bookcases,3,63.18,7,0.3,1.28,Online,Second Class,2024,Sep,9,2024-09
ORD-01455,2024-10-29,2024-11-03,CUST-1100,P-10476,Corporate,East,New Jersey,Technology,Phones,5,45.31,3,0.25,-3.76,Cash on Delivery,Same Day,2024,Oct,10,2024-10
ORD-01456,2025-02-08,2025-02-11,CUST-1131,P-10503,Corporate,East,New Jersey,Office Supplies,Paper,3,155.52,5,0.2,4.89,Credit Card,Standard Class,2025,Feb,2,2025-02
ORD-01457,2025-08-12,2025-08-16,CUST-1020,P-10425,Consumer,East,New Jersey,Technology,Machines,4,62.87,2,0.3,-0.22,Credit Card,First Class,2025,Aug,8,2025-08
ORD-01458,2025-05-04,2025-05-06,CUST-1221,P-10076,Consumer,East,Ohio,Office Supplies,Appliances,2,117.42,5,0.05,14.79,Cash on Delivery,First Class,2025,May,5,2025-05
ORD-01459,2024-07-24,2024-07-27,CUST-1088,P-10499,Home Office,West,California,Furniture,Furnishings,3,190.96,5,0.35,9.38,Online,Second Class,2024,Jul,7,2024-07
ORD-01460,2025-01-31,2025-02-04,CUST-1089,P-10140,Corporate,Central,Minnesota,Furniture,Tables,4,73.94,5,0.25,-7.38,Online,Standard Class,2025,Jan,1,2025-01
ORD-01461,2025-12-11,2025-12-12,CUST-1121,P-10094,Consumer,East,Massachusetts,Office Supplies,Paper,1,80.8,3,0.0,11.47,Cash on Delivery,First Class,2025,Dec,12,2025-12
ORD-01462,2024-01-07,2024-01-09,CUST-1014,P-10334,Home Office,West,Washington,Technology,Phones,2,92.65,7,0.25,17.34,Online,First Class,2024,Jan,1,2024-01
ORD-01463,2025-07-22,2025-07-24,CUST-1270,P-10144,Consumer,South,Virginia,Furniture,Bookcases,2,92.04,6,0.05,1.99,Credit Card,Same Day,2025,Jul,7,2025-07
ORD-01464,2024-02-09,2024-02-11,CUST-1183,P-10198,Corporate,Central,Missouri,Furniture,Furnishings,2,20.42,5,0.25,0.5,Credit Card,Same Day,2024,Feb,2,2024-02
ORD-01465,2025-07-27,2025-07-30,CUST-1001,P-10386,Consumer,West,Oregon,Furniture,Chairs,3,235.88,6,0.2,18.11,Cash on Delivery,Same Day,2025,Jul,7,2025-07
ORD-01466,2024-03-18,2024-03-24,CUST-1011,P-10461,Home Office,East,New Jersey,Office Supplies,Appliances,6,85.51,3,0.05,13.38,Online,Standard Class,2024,Mar,3,2024-03
ORD-01467,2024-09-09,2024-09-15,CUST-1081,P-10391,Consumer,South,North Carolina,Furniture,Furnishings,6,40.63,4,0.2,2.79,Cash on Delivery,Standard Class,2024,Sep,9,2024-09
ORD-01468,2025-03-07,2025-03-10,CUST-1187,P-10210,Corporate,South,Virginia,Office Supplies,Appliances,3,84.08,7,0.0,8.96,Credit Card,Second Class,2025,Mar,3,2025-03
ORD-01469,2024-09-15,2024-09-19,CUST-1021,P-10416,Home Office,South,Virginia,Office Supplies,Binders,4,294.73,3,0.35,18.74,Credit Card,Same Day,2024,Sep,9,2024-09
ORD-01470,2024-11-05,2024-11-08,CUST-1202,P-10522,Corporate,Central,Minnesota,Technology,Accessories,3,262.49,3,0.2,23.15,Online,First Class,2024,Nov,11,2024-11
ORD-01471,2024-08-28,2024-08-31,CUST-1089,P-10006,Home Office,West,Washington,Office Supplies,Paper,3,36.38,4,0.35,-2.5,Credit Card,Same Day,2024,Aug,8,2024-08
ORD-01472,2024-07-08,2024-07-12,CUST-1022,P-10029,Consumer,South,Tennessee,Office Supplies,Paper,4,34.92,1,0.05,-1.42,Credit Card,Second Class,2024,Jul,7,2024-07
ORD-01473,2025-04-22,2025-04-26,CUST-1170,P-10128,Consumer,West,Washington,Office Supplies,Storage,4,80.34,7,0.1,2.83,Online,Same Day,2025,Apr,4,2025-04
ORD-01474,2025-04-02,2025-04-04,CUST-1240,P-10412,Consumer,East,Pennsylvania,Furniture,Bookcases,2,70.18,5,0.05,13.55,Online,Second Class,2025,Apr,4,2025-04
ORD-01475,2025-08-14,2025-08-19,CUST-1041,P-10492,Corporate,West,California,Technology,Machines,5,66.35,8,0.2,5.95,Credit Card,Same Day,2025,Aug,8,2025-08
ORD-01476,2025-06-12,2025-06-15,CUST-1029,P-10146,Consumer,Central,Texas,Technology,Phones,3,119.81,7,0.0,17.23,Online,Second Class,2025,Jun,6,2025-06
ORD-01477,2024-02-19,2024-02-20,CUST-1158,P-10256,Consumer,Central,Texas,Office Supplies,Storage,1,141.73,7,0.3,7.6,Online,Second Class,2024,Feb,2,2024-02
ORD-01478,2024-04-02,2024-04-05,CUST-1197,P-10049,Home Office,East,New Jersey,Office Supplies,Appliances,3,116.95,4,0.3,-2.21,Cash on Delivery,First Class,2024,Apr,4,2024-04
ORD-01479,2025-12-29,2025-12-31,CUST-1149,P-10093,Corporate,West,California,Furniture,Tables,2,166.68,3,0.15,-11.7,Online,Standard Class,2025,Dec,12,2025-12
ORD-01480,2024-06-01,2024-06-04,CUST-1245,P-10389,Consumer,South,North Carolina,Furniture,Chairs,3,74.07,3,0.05,15.52,Online,Second Class,2024,Jun,6,2024-06
ORD-01481,2025-09-16,2025-09-20,CUST-1180,P-10399,Corporate,Central,Minnesota,Furniture,Chairs,4,88.55,2,0.35,-5.47,Credit Card,First Class,2025,Sep,9,2025-09
ORD-01482,2025-08-20,2025-08-23,CUST-1095,P-10128,Consumer,East,Pennsylvania,Technology,Accessories,3,39.26,7,0.05,5.84,Online,Standard Class,2025,Aug,8,2025-08
ORD-01483,2025-10-25,2025-10-27,CUST-1051,P-10262,Home Office,Central,Missouri,Technology,Phones,2,173.92,5,0.1,30.65,Credit Card,Standard Class,2025,Oct,10,2025-10
ORD-01484,2025-04-15,2025-04-19,CUST-1070,P-10478,Consumer,West,Arizona,Furniture,Furnishings,4,86.89,1,0.15,0.27,Credit Card,First Class,2025,Apr,4,2025-04
ORD-01485,2024-12-06,2024-12-09,CUST-1160,P-10028,Home Office,South,Virginia,Furniture,Furnishings,3,113.28,1,0.25,5.13,Cash on Delivery,First Class,2024,Dec,12,2024-12
ORD-01486,2025-09-05,2025-09-08,CUST-1064,P-10019,Consumer,Central,Texas,Furniture,Furnishings,3,13.41,3,0.2,2.16,Online,Second Class,2025,Sep,9,2025-09
ORD-01487,2025-09-29,2025-09-30,CUST-1105,P-10379,Corporate,Central,Wisconsin,Office Supplies,Appliances,1,152.86,6,0.2,-2.98,Online,Second Class,2025,Sep,9,2025-09
ORD-01488,2025-09-24,2025-09-29,CUST-1038,P-10366,Consumer,Central,Missouri,Technology,Machines,5,52.99,1,0.35,1.77,Credit Card,Standard Class,2025,Sep,9,2025-09
ORD-01489,2025-04-27,2025-04-29,CUST-1274,P-10530,Home Office,West,Nevada,Technology,Accessories,2,48.46,5,0.15,11.75,Cash on Delivery,First Class,2025,Apr,4,2025-04
ORD-01490,2024-12-06,2024-12-09,CUST-1148,P-10101,Consumer,South,North Carolina,Office Supplies,Paper,3,235.74,5,0.25,18.34,Cash on Delivery,Standard Class,2024,Dec,12,2024-12
ORD-01491,2024-09-21,2024-09-24,CUST-1251,P-10543,Home Office,West,California,Furniture,Furnishings,3,68.7,1,0.2,9.94,Online,Standard Class,2024,Sep,9,2024-09
ORD-01492,2025-09-24,2025-09-27,CUST-1299,P-10252,Home Office,Central,Wisconsin,Office Supplies,Paper,3,74.83,1,0.15,-7.56,Credit Card,Second Class,2025,Sep,9,2025-09
ORD-01493,2024-11-22,2024-11-25,CUST-1065,P-10513,Corporate,East,Massachusetts,Furniture,Chairs,3,305.97,3,0.35,-3.8,Cash on Delivery,First Class,2024,Nov,11,2024-11
ORD-01494,2025-02-05,2025-02-08,CUST-1261,P-10449,Home Office,Central,Wisconsin,Office Supplies,Appliances,3,51.85,6,0.3,4.16,Online,Standard Class,2025,Feb,2,2025-02
ORD-01495,2025-04-22,2025-04-27,CUST-1256,P-10189,Corporate,Central,Illinois,Furniture,Furnishings,5,18.92,5,0.15,1.83,Cash on Delivery,Standard Class,2025,Apr,4,2025-04
ORD-01496,2025-03-27,2025-03-29,CUST-1284,P-10167,Consumer,Central,Wisconsin,Technology,Computers,2,85.75,4,0.25,-2.5,Credit Card,First Class,2025,Mar,3,2025-03
ORD-01497,2025-08-12,2025-08-15,CUST-1283,P-10301,Corporate,East,Massachusetts,Office Supplies,Binders,3,117.73,5,0.1,13.07,Online,Same Day,2025,Aug,8,2025-08
ORD-01498,2025-07-02,2025-07-06,CUST-1280,P-10013,Consumer,Central,Minnesota,Office Supplies,Paper,4,140.51,3,0.15,20.57,Cash on Delivery,Standard Class,2025,Jul,7,2025-07
ORD-01499,2025-10-01,2025-10-06,CUST-1011,P-10201,Consumer,Central,Texas,Office Supplies,Binders,5,114.18,7,0.05,17.94,Cash on Delivery,Same Day,2025,Oct,10,2025-10
ORD-01500,2025-08-23,2025-08-25,CUST-1202,P-10476,Consumer,South,Florida,Technology,Machines,2,158.23,6,0.2,13.16,Credit Card,Same Day,2025,Aug,8,2025-08
